claim_id,label,split,image_path
CLM-00273,Manual Review,train,data/train/cards/manual_review/CLM-00273.png
CLM-00168,Invalid Claim,train,data/train/cards/invalid_claim/CLM-00168.png
CLM-00822,Manual Review,train,data/train/cards/manual_review/CLM-00822.png
CLM-00276,Manual Review,train,data/train/cards/manual_review/CLM-00276.png
CLM-00596,Valid Claim,train,data/train/cards/valid_claim/CLM-00596.png
CLM-00240,Valid Claim,train,data/train/cards/valid_claim/CLM-00240.png
CLM-00534,Valid Claim,train,data/train/cards/valid_claim/CLM-00534.png
CLM-00483,Invalid Claim,train,data/train/cards/invalid_claim/CLM-00483.png
CLM-01494,Manual Review,train,data/train/cards/manual_review/CLM-01494.png
CLM-00341,Valid Claim,train,data/train/cards/valid_claim/CLM-00341.png
CLM-01215,Valid Claim,train,data/train/cards/valid_claim/CLM-01215.png
CLM-00015,Valid Claim,train,data/train/cards/valid_claim/CLM-00015.png
CLM-00109,Manual Review,train,data/train/cards/manual_review/CLM-00109.png
CLM-00414,Invalid Claim,train,data/train/cards/invalid_claim/CLM-00414.png
CLM-00477,Invalid Claim,train,data/train/cards/invalid_claim/CLM-00477.png
CLM-00892,Valid Claim,train,data/train/cards/valid_claim/CLM-00892.png
CLM-00536,Valid Claim,train,data/train/cards/valid_claim/CLM-00536.png
CLM-01371,Manual Review,train,data/train/cards/manual_review/CLM-01371.png
CLM-01171,Invalid Claim,train,data/train/cards/invalid_claim/CLM-01171.png
CLM-01334,Valid Claim,train,data/train/cards/valid_claim/CLM-01334.png
CLM-00250,Manual Review,train,data/train/cards/manual_review/CLM-00250.png
CLM-00576,Manual Review,train,data/train/cards/manual_review/CLM-00576.png
CLM-00289,Invalid Claim,train,data/train/cards/invalid_claim/CLM-00289.png
CLM-00545,Valid Claim,train,data/train/cards/valid_claim/CLM-00545.png
CLM-00672,Manual Review,train,data/train/cards/manual_review/CLM-00672.png
CLM-00224,Invalid Claim,train,data/train/cards/invalid_claim/CLM-00224.png
CLM-00159,Manual Review,train,data/train/cards/manual_review/CLM-00159.png
CLM-01355,Invalid Claim,train,data/train/cards/invalid_claim/CLM-01355.png
CLM-00684,Valid Claim,train,data/train/cards/valid_claim/CLM-00684.png
CLM-01250,Manual Review,train,data/train/cards/manual_review/CLM-01250.png
CLM-01243,Manual Review,train,data/train/cards/manual_review/CLM-01243.png
CLM-00460,Invalid Claim,train,data/train/cards/invalid_claim/CLM-00460.png
CLM-01096,Invalid Claim,train,data/train/cards/invalid_claim/CLM-01096.png
CLM-00858,Valid Claim,train,data/train/cards/valid_claim/CLM-00858.png
CLM-01341,Invalid Claim,train,data/train/cards/invalid_claim/CLM-01341.png
CLM-01378,Valid Claim,train,data/train/cards/valid_claim/CLM-01378.png
CLM-00268,Valid Claim,train,data/train/cards/valid_claim/CLM-00268.png
CLM-01103,Manual Review,train,data/train/cards/manual_review/CLM-01103.png
CLM-00599,Valid Claim,train,data/train/cards/valid_claim/CLM-00599.png
CLM-00395,Manual Review,train,data/train/cards/manual_review/CLM-00395.png
CLM-00068,Valid Claim,train,data/train/cards/valid_claim/CLM-00068.png
CLM-00688,Manual Review,train,data/train/cards/manual_review/CLM-00688.png
CLM-01086,Invalid Claim,train,data/train/cards/invalid_claim/CLM-01086.png
CLM-00675,Manual Review,train,data/train/cards/manual_review/CLM-00675.png
CLM-00253,Valid Claim,train,data/train/cards/valid_claim/CLM-00253.png
CLM-00613,Manual Review,train,data/train/cards/manual_review/CLM-00613.png
CLM-00095,Invalid Claim,train,data/train/cards/invalid_claim/CLM-00095.png
CLM-01279,Manual Review,train,data/train/cards/manual_review/CLM-01279.png
CLM-00098,Valid Claim,train,data/train/cards/valid_claim/CLM-00098.png
CLM-00208,Manual Review,train,data/train/cards/manual_review/CLM-00208.png
CLM-00623,Valid Claim,train,data/train/cards/valid_claim/CLM-00623.png
CLM-00303,Manual Review,train,data/train/cards/manual_review/CLM-00303.png
CLM-00968,Manual Review,train,data/train/cards/manual_review/CLM-00968.png
CLM-00546,Invalid Claim,train,data/train/cards/invalid_claim/CLM-00546.png
CLM-01154,Valid Claim,train,data/train/cards/valid_claim/CLM-01154.png
CLM-00809,Valid Claim,train,data/train/cards/valid_claim/CLM-00809.png
CLM-00362,Invalid Claim,train,data/train/cards/invalid_claim/CLM-00362.png
CLM-00430,Manual Review,train,data/train/cards/manual_review/CLM-00430.png
CLM-01348,Valid Claim,train,data/train/cards/valid_claim/CLM-01348.png
CLM-01447,Manual Review,train,data/train/cards/manual_review/CLM-01447.png
CLM-00559,Valid Claim,train,data/train/cards/valid_claim/CLM-00559.png
CLM-00921,Manual Review,train,data/train/cards/manual_review/CLM-00921.png
CLM-00487,Manual Review,train,data/train/cards/manual_review/CLM-00487.png
CLM-01132,Manual Review,train,data/train/cards/manual_review/CLM-01132.png
CLM-00804,Manual Review,train,data/train/cards/manual_review/CLM-00804.png
CLM-01477,Valid Claim,train,data/train/cards/valid_claim/CLM-01477.png
CLM-00676,Valid Claim,train,data/train/cards/valid_claim/CLM-00676.png
CLM-01198,Invalid Claim,train,data/train/cards/invalid_claim/CLM-01198.png
CLM-00184,Manual Review,train,data/train/cards/manual_review/CLM-00184.png
CLM-00752,Valid Claim,train,data/train/cards/valid_claim/CLM-00752.png
CLM-00166,Invalid Claim,train,data/train/cards/invalid_claim/CLM-00166.png
CLM-00541,Manual Review,train,data/train/cards/manual_review/CLM-00541.png
CLM-01167,Invalid Claim,train,data/train/cards/invalid_claim/CLM-01167.png
CLM-01244,Invalid Claim,train,data/train/cards/invalid_claim/CLM-01244.png
CLM-00281,Valid Claim,train,data/train/cards/valid_claim/CLM-00281.png
CLM-00630,Valid Claim,train,data/train/cards/valid_claim/CLM-00630.png
CLM-00012,Manual Review,train,data/train/cards/manual_review/CLM-00012.png
CLM-01175,Manual Review,train,data/train/cards/manual_review/CLM-01175.png
CLM-00530,Invalid Claim,train,data/train/cards/invalid_claim/CLM-00530.png
CLM-00163,Invalid Claim,train,data/train/cards/invalid_claim/CLM-00163.png
CLM-00889,Valid Claim,train,data/train/cards/valid_claim/CLM-00889.png
CLM-00846,Manual Review,train,data/train/cards/manual_review/CLM-00846.png
CLM-00753,Invalid Claim,train,data/train/cards/invalid_claim/CLM-00753.png
CLM-00969,Manual Review,train,data/train/cards/manual_review/CLM-00969.png
CLM-00803,Manual Review,train,data/train/cards/manual_review/CLM-00803.png
CLM-00838,Manual Review,train,data/train/cards/manual_review/CLM-00838.png
CLM-01354,Invalid Claim,train,data/train/cards/invalid_claim/CLM-01354.png
CLM-01343,Invalid Claim,train,data/train/cards/invalid_claim/CLM-01343.png
CLM-00901,Manual Review,train,data/train/cards/manual_review/CLM-00901.png
CLM-01013,Valid Claim,train,data/train/cards/valid_claim/CLM-01013.png
CLM-00379,Valid Claim,train,data/train/cards/valid_claim/CLM-00379.png
CLM-00919,Invalid Claim,train,data/train/cards/invalid_claim/CLM-00919.png
CLM-00549,Manual Review,train,data/train/cards/manual_review/CLM-00549.png
CLM-01067,Invalid Claim,train,data/train/cards/invalid_claim/CLM-01067.png
CLM-01120,Valid Claim,train,data/train/cards/valid_claim/CLM-01120.png
CLM-00572,Invalid Claim,train,data/train/cards/invalid_claim/CLM-00572.png
CLM-01480,Valid Claim,train,data/train/cards/valid_claim/CLM-01480.png
CLM-00461,Invalid Claim,train,data/train/cards/invalid_claim/CLM-00461.png
CLM-00922,Valid Claim,train,data/train/cards/valid_claim/CLM-00922.png
CLM-01043,Valid Claim,train,data/train/cards/valid_claim/CLM-01043.png
CLM-00539,Valid Claim,train,data/train/cards/valid_claim/CLM-00539.png
CLM-00718,Manual Review,train,data/train/cards/manual_review/CLM-00718.png
CLM-01149,Invalid Claim,train,data/train/cards/invalid_claim/CLM-01149.png
CLM-00754,Valid Claim,train,data/train/cards/valid_claim/CLM-00754.png
CLM-00353,Manual Review,train,data/train/cards/manual_review/CLM-00353.png
CLM-00100,Valid Claim,train,data/train/cards/valid_claim/CLM-00100.png
CLM-01288,Valid Claim,train,data/train/cards/valid_claim/CLM-01288.png
CLM-00327,Invalid Claim,train,data/train/cards/invalid_claim/CLM-00327.png
CLM-01320,Valid Claim,train,data/train/cards/valid_claim/CLM-01320.png
CLM-00256,Invalid Claim,train,data/train/cards/invalid_claim/CLM-00256.png
CLM-00094,Valid Claim,train,data/train/cards/valid_claim/CLM-00094.png
CLM-00760,Valid Claim,train,data/train/cards/valid_claim/CLM-00760.png
CLM-01026,Valid Claim,train,data/train/cards/valid_claim/CLM-01026.png
CLM-01261,Manual Review,train,data/train/cards/manual_review/CLM-01261.png
CLM-01272,Manual Review,train,data/train/cards/manual_review/CLM-01272.png
CLM-00115,Manual Review,train,data/train/cards/manual_review/CLM-00115.png
CLM-01129,Invalid Claim,train,data/train/cards/invalid_claim/CLM-01129.png
CLM-00117,Valid Claim,train,data/train/cards/valid_claim/CLM-00117.png
CLM-00663,Invalid Claim,train,data/train/cards/invalid_claim/CLM-00663.png
CLM-01302,Valid Claim,train,data/train/cards/valid_claim/CLM-01302.png
CLM-00958,Valid Claim,train,data/train/cards/valid_claim/CLM-00958.png
CLM-00160,Manual Review,train,data/train/cards/manual_review/CLM-00160.png
CLM-00626,Invalid Claim,train,data/train/cards/invalid_claim/CLM-00626.png
CLM-00149,Valid Claim,train,data/train/cards/valid_claim/CLM-00149.png
CLM-01483,Valid Claim,train,data/train/cards/valid_claim/CLM-01483.png
CLM-00547,Invalid Claim,train,data/train/cards/invalid_claim/CLM-00547.png
CLM-00935,Valid Claim,train,data/train/cards/valid_claim/CLM-00935.png
CLM-00945,Valid Claim,train,data/train/cards/valid_claim/CLM-00945.png
CLM-01474,Invalid Claim,train,data/train/cards/invalid_claim/CLM-01474.png
CLM-00956,Manual Review,train,data/train/cards/manual_review/CLM-00956.png
CLM-00578,Manual Review,train,data/train/cards/manual_review/CLM-00578.png
CLM-00439,Invalid Claim,train,data/train/cards/invalid_claim/CLM-00439.png
CLM-00234,Invalid Claim,train,data/train/cards/invalid_claim/CLM-00234.png
CLM-00342,Manual Review,train,data/train/cards/manual_review/CLM-00342.png
CLM-00066,Invalid Claim,train,data/train/cards/invalid_claim/CLM-00066.png
CLM-01002,Invalid Claim,train,data/train/cards/invalid_claim/CLM-01002.png
CLM-01044,Invalid Claim,train,data/train/cards/invalid_claim/CLM-01044.png
CLM-01200,Invalid Claim,train,data/train/cards/invalid_claim/CLM-01200.png
CLM-00457,Manual Review,train,data/train/cards/manual_review/CLM-00457.png
CLM-01414,Manual Review,train,data/train/cards/manual_review/CLM-01414.png
CLM-00813,Valid Claim,train,data/train/cards/valid_claim/CLM-00813.png
CLM-01449,Valid Claim,train,data/train/cards/valid_claim/CLM-01449.png
CLM-01462,Invalid Claim,train,data/train/cards/invalid_claim/CLM-01462.png
CLM-01052,Manual Review,train,data/train/cards/manual_review/CLM-01052.png
CLM-00221,Manual Review,train,data/train/cards/manual_review/CLM-00221.png
CLM-00500,Invalid Claim,train,data/train/cards/invalid_claim/CLM-00500.png
CLM-01368,Valid Claim,train,data/train/cards/valid_claim/CLM-01368.png
CLM-01263,Valid Claim,train,data/train/cards/valid_claim/CLM-01263.png
CLM-00277,Manual Review,train,data/train/cards/manual_review/CLM-00277.png
CLM-00072,Valid Claim,train,data/train/cards/valid_claim/CLM-00072.png
CLM-00386,Invalid Claim,train,data/train/cards/invalid_claim/CLM-00386.png
CLM-00176,Invalid Claim,train,data/train/cards/invalid_claim/CLM-00176.png
CLM-00784,Invalid Claim,train,data/train/cards/invalid_claim/CLM-00784.png
CLM-00422,Valid Claim,train,data/train/cards/valid_claim/CLM-00422.png
CLM-01230,Valid Claim,train,data/train/cards/valid_claim/CLM-01230.png
CLM-00763,Manual Review,train,data/train/cards/manual_review/CLM-00763.png
CLM-00555,Manual Review,train,data/train/cards/manual_review/CLM-00555.png
CLM-00579,Manual Review,train,data/train/cards/manual_review/CLM-00579.png
CLM-00031,Valid Claim,train,data/train/cards/valid_claim/CLM-00031.png
CLM-00734,Manual Review,train,data/train/cards/manual_review/CLM-00734.png
CLM-00492,Invalid Claim,train,data/train/cards/invalid_claim/CLM-00492.png
CLM-00355,Manual Review,train,data/train/cards/manual_review/CLM-00355.png
CLM-00465,Invalid Claim,train,data/train/cards/invalid_claim/CLM-00465.png
CLM-01436,Manual Review,train,data/train/cards/manual_review/CLM-01436.png
CLM-00025,Valid Claim,train,data/train/cards/valid_claim/CLM-00025.png
CLM-01222,Invalid Claim,train,data/train/cards/invalid_claim/CLM-01222.png
CLM-01155,Invalid Claim,train,data/train/cards/invalid_claim/CLM-01155.png
CLM-00645,Invalid Claim,train,data/train/cards/invalid_claim/CLM-00645.png
CLM-00584,Valid Claim,train,data/train/cards/valid_claim/CLM-00584.png
CLM-01481,Valid Claim,train,data/train/cards/valid_claim/CLM-01481.png
CLM-00153,Valid Claim,train,data/train/cards/valid_claim/CLM-00153.png
CLM-00451,Valid Claim,train,data/train/cards/valid_claim/CLM-00451.png
CLM-01038,Manual Review,train,data/train/cards/manual_review/CLM-01038.png
CLM-00140,Invalid Claim,train,data/train/cards/invalid_claim/CLM-00140.png
CLM-00937,Invalid Claim,train,data/train/cards/invalid_claim/CLM-00937.png
CLM-00851,Valid Claim,train,data/train/cards/valid_claim/CLM-00851.png
CLM-00186,Manual Review,train,data/train/cards/manual_review/CLM-00186.png
CLM-01080,Invalid Claim,train,data/train/cards/invalid_claim/CLM-01080.png
CLM-00391,Valid Claim,train,data/train/cards/valid_claim/CLM-00391.png
CLM-01274,Invalid Claim,train,data/train/cards/invalid_claim/CLM-01274.png
CLM-00877,Invalid Claim,train,data/train/cards/invalid_claim/CLM-00877.png
CLM-00881,Invalid Claim,train,data/train/cards/invalid_claim/CLM-00881.png
CLM-01227,Invalid Claim,train,data/train/cards/invalid_claim/CLM-01227.png
CLM-01293,Invalid Claim,train,data/train/cards/invalid_claim/CLM-01293.png
CLM-01459,Valid Claim,train,data/train/cards/valid_claim/CLM-01459.png
CLM-00622,Valid Claim,train,data/train/cards/valid_claim/CLM-00622.png
CLM-00569,Invalid Claim,train,data/train/cards/invalid_claim/CLM-00569.png
CLM-00463,Invalid Claim,train,data/train/cards/invalid_claim/CLM-00463.png
CLM-01062,Valid Claim,train,data/train/cards/valid_claim/CLM-01062.png
CLM-00081,Valid Claim,train,data/train/cards/valid_claim/CLM-00081.png
CLM-00641,Valid Claim,train,data/train/cards/valid_claim/CLM-00641.png
CLM-00628,Manual Review,train,data/train/cards/manual_review/CLM-00628.png
CLM-01470,Manual Review,train,data/train/cards/manual_review/CLM-01470.png
CLM-00792,Invalid Claim,train,data/train/cards/invalid_claim/CLM-00792.png
CLM-00821,Valid Claim,train,data/train/cards/valid_claim/CLM-00821.png
CLM-01113,Valid Claim,train,data/train/cards/valid_claim/CLM-01113.png
CLM-01039,Manual Review,train,data/train/cards/manual_review/CLM-01039.png
CLM-00108,Manual Review,train,data/train/cards/manual_review/CLM-00108.png
CLM-00258,Manual Review,train,data/train/cards/manual_review/CLM-00258.png
CLM-01346,Invalid Claim,train,data/train/cards/invalid_claim/CLM-01346.png
CLM-00707,Invalid Claim,train,data/train/cards/invalid_claim/CLM-00707.png
CLM-01058,Manual Review,train,data/train/cards/manual_review/CLM-01058.png
CLM-01260,Valid Claim,train,data/train/cards/valid_claim/CLM-01260.png
CLM-01269,Invalid Claim,train,data/train/cards/invalid_claim/CLM-01269.png
CLM-00351,Manual Review,train,data/train/cards/manual_review/CLM-00351.png
CLM-01007,Manual Review,train,data/train/cards/manual_review/CLM-01007.png
CLM-01083,Manual Review,train,data/train/cards/manual_review/CLM-01083.png
CLM-01134,Invalid Claim,train,data/train/cards/invalid_claim/CLM-01134.png
CLM-01394,Valid Claim,train,data/train/cards/valid_claim/CLM-01394.png
CLM-00604,Manual Review,train,data/train/cards/manual_review/CLM-00604.png
CLM-00938,Valid Claim,train,data/train/cards/valid_claim/CLM-00938.png
CLM-01206,Invalid Claim,train,data/train/cards/invalid_claim/CLM-01206.png
CLM-00282,Invalid Claim,train,data/train/cards/invalid_claim/CLM-00282.png
CLM-00073,Manual Review,train,data/train/cards/manual_review/CLM-00073.png
CLM-00275,Invalid Claim,train,data/train/cards/invalid_claim/CLM-00275.png
CLM-00432,Valid Claim,train,data/train/cards/valid_claim/CLM-00432.png
CLM-00757,Invalid Claim,train,data/train/cards/invalid_claim/CLM-00757.png
CLM-00629,Valid Claim,train,data/train/cards/valid_claim/CLM-00629.png
CLM-00978,Valid Claim,train,data/train/cards/valid_claim/CLM-00978.png
CLM-00724,Invalid Claim,train,data/train/cards/invalid_claim/CLM-00724.png
CLM-01126,Valid Claim,train,data/train/cards/valid_claim/CLM-01126.png
CLM-00635,Invalid Claim,train,data/train/cards/invalid_claim/CLM-00635.png
CLM-00716,Manual Review,train,data/train/cards/manual_review/CLM-00716.png
CLM-00519,Invalid Claim,train,data/train/cards/invalid_claim/CLM-00519.png
CLM-00009,Invalid Claim,train,data/train/cards/invalid_claim/CLM-00009.png
CLM-00526,Invalid Claim,train,data/train/cards/invalid_claim/CLM-00526.png
CLM-01455,Valid Claim,train,data/train/cards/valid_claim/CLM-01455.png
CLM-00247,Valid Claim,train,data/train/cards/valid_claim/CLM-00247.png
CLM-01185,Manual Review,train,data/train/cards/manual_review/CLM-01185.png
CLM-00291,Manual Review,train,data/train/cards/manual_review/CLM-00291.png
CLM-00745,Manual Review,train,data/train/cards/manual_review/CLM-00745.png
CLM-00177,Valid Claim,train,data/train/cards/valid_claim/CLM-00177.png
CLM-00575,Manual Review,train,data/train/cards/manual_review/CLM-00575.png
CLM-01383,Invalid Claim,train,data/train/cards/invalid_claim/CLM-01383.png
CLM-01069,Manual Review,train,data/train/cards/manual_review/CLM-01069.png
CLM-00020,Invalid Claim,train,data/train/cards/invalid_claim/CLM-00020.png
CLM-01281,Invalid Claim,train,data/train/cards/invalid_claim/CLM-01281.png
CLM-00189,Invalid Claim,train,data/train/cards/invalid_claim/CLM-00189.png
CLM-01145,Invalid Claim,train,data/train/cards/invalid_claim/CLM-01145.png
CLM-00888,Valid Claim,train,data/train/cards/valid_claim/CLM-00888.png
CLM-00101,Invalid Claim,train,data/train/cards/invalid_claim/CLM-00101.png
CLM-00673,Invalid Claim,train,data/train/cards/invalid_claim/CLM-00673.png
CLM-01278,Valid Claim,train,data/train/cards/valid_claim/CLM-01278.png
CLM-00209,Invalid Claim,train,data/train/cards/invalid_claim/CLM-00209.png
CLM-00679,Manual Review,train,data/train/cards/manual_review/CLM-00679.png
CLM-00411,Manual Review,train,data/train/cards/manual_review/CLM-00411.png
CLM-00314,Manual Review,train,data/train/cards/manual_review/CLM-00314.png
CLM-01500,Valid Claim,train,data/train/cards/valid_claim/CLM-01500.png
CLM-00308,Valid Claim,train,data/train/cards/valid_claim/CLM-00308.png
CLM-00537,Invalid Claim,train,data/train/cards/invalid_claim/CLM-00537.png
CLM-00014,Manual Review,train,data/train/cards/manual_review/CLM-00014.png
CLM-00850,Valid Claim,train,data/train/cards/valid_claim/CLM-00850.png
CLM-01015,Valid Claim,train,data/train/cards/valid_claim/CLM-01015.png
CLM-00325,Invalid Claim,train,data/train/cards/invalid_claim/CLM-00325.png
CLM-01496,Invalid Claim,train,data/train/cards/invalid_claim/CLM-01496.png
CLM-00595,Valid Claim,train,data/train/cards/valid_claim/CLM-00595.png
CLM-01344,Valid Claim,train,data/train/cards/valid_claim/CLM-01344.png
CLM-00093,Manual Review,train,data/train/cards/manual_review/CLM-00093.png
CLM-00175,Valid Claim,train,data/train/cards/valid_claim/CLM-00175.png
CLM-01066,Manual Review,train,data/train/cards/manual_review/CLM-01066.png
CLM-00882,Invalid Claim,train,data/train/cards/invalid_claim/CLM-00882.png
CLM-01172,Invalid Claim,train,data/train/cards/invalid_claim/CLM-01172.png
CLM-00226,Invalid Claim,train,data/train/cards/invalid_claim/CLM-00226.png
CLM-01159,Invalid Claim,train,data/train/cards/invalid_claim/CLM-01159.png
CLM-00620,Invalid Claim,train,data/train/cards/invalid_claim/CLM-00620.png
CLM-01411,Invalid Claim,train,data/train/cards/invalid_claim/CLM-01411.png
CLM-01389,Valid Claim,train,data/train/cards/valid_claim/CLM-01389.png
CLM-00269,Valid Claim,train,data/train/cards/valid_claim/CLM-00269.png
CLM-01396,Manual Review,train,data/train/cards/manual_review/CLM-01396.png
CLM-00390,Manual Review,train,data/train/cards/manual_review/CLM-00390.png
CLM-00274,Manual Review,train,data/train/cards/manual_review/CLM-00274.png
CLM-00801,Invalid Claim,train,data/train/cards/invalid_claim/CLM-00801.png
CLM-00977,Invalid Claim,train,data/train/cards/invalid_claim/CLM-00977.png
CLM-00006,Valid Claim,train,data/train/cards/valid_claim/CLM-00006.png
CLM-01409,Valid Claim,train,data/train/cards/valid_claim/CLM-01409.png
CLM-00040,Invalid Claim,train,data/train/cards/invalid_claim/CLM-00040.png
CLM-01073,Manual Review,train,data/train/cards/manual_review/CLM-01073.png
CLM-00655,Invalid Claim,train,data/train/cards/invalid_claim/CLM-00655.png
CLM-00394,Invalid Claim,train,data/train/cards/invalid_claim/CLM-00394.png
CLM-01359,Valid Claim,train,data/train/cards/valid_claim/CLM-01359.png
CLM-00967,Valid Claim,train,data/train/cards/valid_claim/CLM-00967.png
CLM-00296,Valid Claim,train,data/train/cards/valid_claim/CLM-00296.png
CLM-01469,Valid Claim,train,data/train/cards/valid_claim/CLM-01469.png
CLM-01446,Invalid Claim,train,data/train/cards/invalid_claim/CLM-01446.png
CLM-01365,Valid Claim,train,data/train/cards/valid_claim/CLM-01365.png
CLM-01312,Invalid Claim,train,data/train/cards/invalid_claim/CLM-01312.png
CLM-01179,Invalid Claim,train,data/train/cards/invalid_claim/CLM-01179.png
CLM-01363,Invalid Claim,train,data/train/cards/invalid_claim/CLM-01363.png
CLM-00338,Manual Review,train,data/train/cards/manual_review/CLM-00338.png
CLM-00334,Valid Claim,train,data/train/cards/valid_claim/CLM-00334.png
CLM-00494,Manual Review,train,data/train/cards/manual_review/CLM-00494.png
CLM-00321,Manual Review,train,data/train/cards/manual_review/CLM-00321.png
CLM-01305,Invalid Claim,train,data/train/cards/invalid_claim/CLM-01305.png
CLM-01376,Invalid Claim,train,data/train/cards/invalid_claim/CLM-01376.png
CLM-00887,Valid Claim,train,data/train/cards/valid_claim/CLM-00887.png
CLM-01005,Manual Review,train,data/train/cards/manual_review/CLM-01005.png
CLM-01402,Manual Review,train,data/train/cards/manual_review/CLM-01402.png
CLM-00284,Invalid Claim,train,data/train/cards/invalid_claim/CLM-00284.png
CLM-01035,Valid Claim,train,data/train/cards/valid_claim/CLM-01035.png
CLM-00097,Invalid Claim,train,data/train/cards/invalid_claim/CLM-00097.png
CLM-00488,Invalid Claim,train,data/train/cards/invalid_claim/CLM-00488.png
CLM-00195,Valid Claim,train,data/train/cards/valid_claim/CLM-00195.png
CLM-00735,Invalid Claim,train,data/train/cards/invalid_claim/CLM-00735.png
CLM-00612,Valid Claim,train,data/train/cards/valid_claim/CLM-00612.png
CLM-00088,Manual Review,train,data/train/cards/manual_review/CLM-00088.png
CLM-00682,Manual Review,train,data/train/cards/manual_review/CLM-00682.png
CLM-01309,Valid Claim,train,data/train/cards/valid_claim/CLM-01309.png
CLM-00860,Valid Claim,train,data/train/cards/valid_claim/CLM-00860.png
CLM-01095,Invalid Claim,train,data/train/cards/invalid_claim/CLM-01095.png
CLM-00043,Invalid Claim,train,data/train/cards/invalid_claim/CLM-00043.png
CLM-00330,Valid Claim,train,data/train/cards/valid_claim/CLM-00330.png
CLM-00504,Manual Review,train,data/train/cards/manual_review/CLM-00504.png
CLM-00863,Manual Review,train,data/train/cards/manual_review/CLM-00863.png
CLM-01204,Invalid Claim,train,data/train/cards/invalid_claim/CLM-01204.png
CLM-00740,Manual Review,train,data/train/cards/manual_review/CLM-00740.png
CLM-01306,Manual Review,train,data/train/cards/manual_review/CLM-01306.png
CLM-00910,Invalid Claim,train,data/train/cards/invalid_claim/CLM-00910.png
CLM-00929,Invalid Claim,train,data/train/cards/invalid_claim/CLM-00929.png
CLM-00873,Manual Review,train,data/train/cards/manual_review/CLM-00873.png
CLM-00113,Manual Review,train,data/train/cards/manual_review/CLM-00113.png
CLM-01100,Valid Claim,train,data/train/cards/valid_claim/CLM-01100.png
CLM-01114,Invalid Claim,train,data/train/cards/invalid_claim/CLM-01114.png
CLM-01170,Valid Claim,train,data/train/cards/valid_claim/CLM-01170.png
CLM-00027,Manual Review,train,data/train/cards/manual_review/CLM-00027.png
CLM-01430,Invalid Claim,train,data/train/cards/invalid_claim/CLM-01430.png
CLM-00793,Invalid Claim,train,data/train/cards/invalid_claim/CLM-00793.png
CLM-00861,Valid Claim,train,data/train/cards/valid_claim/CLM-00861.png
CLM-00640,Manual Review,train,data/train/cards/manual_review/CLM-00640.png
CLM-00170,Invalid Claim,train,data/train/cards/invalid_claim/CLM-00170.png
CLM-01055,Invalid Claim,train,data/train/cards/invalid_claim/CLM-01055.png
CLM-00489,Invalid Claim,train,data/train/cards/invalid_claim/CLM-00489.png
CLM-01415,Valid Claim,train,data/train/cards/valid_claim/CLM-01415.png
CLM-01116,Manual Review,train,data/train/cards/manual_review/CLM-01116.png
CLM-01152,Manual Review,train,data/train/cards/manual_review/CLM-01152.png
CLM-01118,Valid Claim,train,data/train/cards/valid_claim/CLM-01118.png
CLM-00091,Manual Review,train,data/train/cards/manual_review/CLM-00091.png
CLM-00796,Invalid Claim,train,data/train/cards/invalid_claim/CLM-00796.png
CLM-00639,Invalid Claim,train,data/train/cards/invalid_claim/CLM-00639.png
CLM-00288,Valid Claim,train,data/train/cards/valid_claim/CLM-00288.png
CLM-00133,Invalid Claim,train,data/train/cards/invalid_claim/CLM-00133.png
CLM-00427,Valid Claim,train,data/train/cards/valid_claim/CLM-00427.png
CLM-00857,Invalid Claim,train,data/train/cards/invalid_claim/CLM-00857.png
CLM-01104,Valid Claim,train,data/train/cards/valid_claim/CLM-01104.png
CLM-00190,Manual Review,train,data/train/cards/manual_review/CLM-00190.png
CLM-01262,Invalid Claim,train,data/train/cards/invalid_claim/CLM-01262.png
CLM-00082,Valid Claim,train,data/train/cards/valid_claim/CLM-00082.png
CLM-00206,Invalid Claim,train,data/train/cards/invalid_claim/CLM-00206.png
CLM-00058,Manual Review,train,data/train/cards/manual_review/CLM-00058.png
CLM-00124,Invalid Claim,train,data/train/cards/invalid_claim/CLM-00124.png
CLM-00440,Manual Review,train,data/train/cards/manual_review/CLM-00440.png
CLM-01242,Invalid Claim,train,data/train/cards/invalid_claim/CLM-01242.png
CLM-01289,Valid Claim,train,data/train/cards/valid_claim/CLM-01289.png
CLM-01053,Invalid Claim,train,data/train/cards/invalid_claim/CLM-01053.png
CLM-00936,Invalid Claim,train,data/train/cards/invalid_claim/CLM-00936.png
CLM-00178,Manual Review,train,data/train/cards/manual_review/CLM-00178.png
CLM-00849,Valid Claim,train,data/train/cards/valid_claim/CLM-00849.png
CLM-01345,Manual Review,train,data/train/cards/manual_review/CLM-01345.png
CLM-00520,Invalid Claim,train,data/train/cards/invalid_claim/CLM-00520.png
CLM-00255,Invalid Claim,train,data/train/cards/invalid_claim/CLM-00255.png
CLM-00447,Valid Claim,train,data/train/cards/valid_claim/CLM-00447.png
CLM-00820,Valid Claim,train,data/train/cards/valid_claim/CLM-00820.png
CLM-00317,Invalid Claim,train,data/train/cards/invalid_claim/CLM-00317.png
CLM-00076,Valid Claim,train,data/train/cards/valid_claim/CLM-00076.png
CLM-00617,Invalid Claim,train,data/train/cards/invalid_claim/CLM-00617.png
CLM-00185,Valid Claim,train,data/train/cards/valid_claim/CLM-00185.png
CLM-00442,Manual Review,train,data/train/cards/manual_review/CLM-00442.png
CLM-01072,Manual Review,train,data/train/cards/manual_review/CLM-01072.png
CLM-00142,Valid Claim,train,data/train/cards/valid_claim/CLM-00142.png
CLM-00387,Invalid Claim,train,data/train/cards/invalid_claim/CLM-00387.png
CLM-01300,Manual Review,train,data/train/cards/manual_review/CLM-01300.png
CLM-01434,Manual Review,train,data/train/cards/manual_review/CLM-01434.png
CLM-01041,Invalid Claim,train,data/train/cards/invalid_claim/CLM-01041.png
CLM-00285,Invalid Claim,train,data/train/cards/invalid_claim/CLM-00285.png
CLM-01247,Manual Review,train,data/train/cards/manual_review/CLM-01247.png
CLM-00188,Valid Claim,train,data/train/cards/valid_claim/CLM-00188.png
CLM-00035,Valid Claim,train,data/train/cards/valid_claim/CLM-00035.png
CLM-01024,Invalid Claim,train,data/train/cards/invalid_claim/CLM-01024.png
CLM-00564,Invalid Claim,train,data/train/cards/invalid_claim/CLM-00564.png
CLM-01398,Invalid Claim,train,data/train/cards/invalid_claim/CLM-01398.png
CLM-01319,Valid Claim,train,data/train/cards/valid_claim/CLM-01319.png
CLM-01045,Valid Claim,train,data/train/cards/valid_claim/CLM-01045.png
CLM-00800,Invalid Claim,train,data/train/cards/invalid_claim/CLM-00800.png
CLM-01451,Manual Review,train,data/train/cards/manual_review/CLM-01451.png
CLM-00416,Valid Claim,train,data/train/cards/valid_claim/CLM-00416.png
CLM-00817,Manual Review,train,data/train/cards/manual_review/CLM-00817.png
CLM-00143,Manual Review,train,data/train/cards/manual_review/CLM-00143.png
CLM-01400,Invalid Claim,train,data/train/cards/invalid_claim/CLM-01400.png
CLM-00627,Valid Claim,train,data/train/cards/valid_claim/CLM-00627.png
CLM-00034,Invalid Claim,train,data/train/cards/invalid_claim/CLM-00034.png
CLM-00831,Invalid Claim,train,data/train/cards/invalid_claim/CLM-00831.png
CLM-00503,Manual Review,train,data/train/cards/manual_review/CLM-00503.png
CLM-00472,Invalid Claim,train,data/train/cards/invalid_claim/CLM-00472.png
CLM-00306,Invalid Claim,train,data/train/cards/invalid_claim/CLM-00306.png
CLM-00238,Manual Review,train,data/train/cards/manual_review/CLM-00238.png
CLM-00246,Invalid Claim,train,data/train/cards/invalid_claim/CLM-00246.png
CLM-00089,Valid Claim,train,data/train/cards/valid_claim/CLM-00089.png
CLM-00181,Invalid Claim,train,data/train/cards/invalid_claim/CLM-00181.png
CLM-00955,Manual Review,train,data/train/cards/manual_review/CLM-00955.png
CLM-00594,Valid Claim,train,data/train/cards/valid_claim/CLM-00594.png
CLM-00105,Valid Claim,train,data/train/cards/valid_claim/CLM-00105.png
CLM-01385,Manual Review,train,data/train/cards/manual_review/CLM-01385.png
CLM-00294,Invalid Claim,train,data/train/cards/invalid_claim/CLM-00294.png
CLM-00063,Invalid Claim,train,data/train/cards/invalid_claim/CLM-00063.png
CLM-00814,Manual Review,train,data/train/cards/manual_review/CLM-00814.png
CLM-00344,Valid Claim,train,data/train/cards/valid_claim/CLM-00344.png
CLM-01299,Manual Review,train,data/train/cards/manual_review/CLM-01299.png
CLM-00714,Valid Claim,train,data/train/cards/valid_claim/CLM-00714.png
CLM-01432,Manual Review,train,data/train/cards/manual_review/CLM-01432.png
CLM-01273,Invalid Claim,train,data/train/cards/invalid_claim/CLM-01273.png
CLM-01358,Manual Review,train,data/train/cards/manual_review/CLM-01358.png
CLM-00261,Invalid Claim,train,data/train/cards/invalid_claim/CLM-00261.png
CLM-01384,Invalid Claim,train,data/train/cards/invalid_claim/CLM-01384.png
CLM-00223,Valid Claim,train,data/train/cards/valid_claim/CLM-00223.png
CLM-00842,Valid Claim,train,data/train/cards/valid_claim/CLM-00842.png
CLM-00557,Manual Review,train,data/train/cards/manual_review/CLM-00557.png
CLM-00220,Manual Review,train,data/train/cards/manual_review/CLM-00220.png
CLM-00062,Valid Claim,train,data/train/cards/valid_claim/CLM-00062.png
CLM-01196,Valid Claim,train,data/train/cards/valid_claim/CLM-01196.png
CLM-00590,Manual Review,train,data/train/cards/manual_review/CLM-00590.png
CLM-01495,Manual Review,train,data/train/cards/manual_review/CLM-01495.png
CLM-01285,Invalid Claim,train,data/train/cards/invalid_claim/CLM-01285.png
CLM-00730,Manual Review,train,data/train/cards/manual_review/CLM-00730.png
CLM-00041,Manual Review,train,data/train/cards/manual_review/CLM-00041.png
CLM-00485,Invalid Claim,train,data/train/cards/invalid_claim/CLM-00485.png
CLM-00925,Valid Claim,train,data/train/cards/valid_claim/CLM-00925.png
CLM-00523,Valid Claim,train,data/train/cards/valid_claim/CLM-00523.png
CLM-00701,Invalid Claim,train,data/train/cards/invalid_claim/CLM-00701.png
CLM-00580,Invalid Claim,train,data/train/cards/invalid_claim/CLM-00580.png
CLM-01201,Valid Claim,train,data/train/cards/valid_claim/CLM-01201.png
CLM-00350,Valid Claim,train,data/train/cards/valid_claim/CLM-00350.png
CLM-00671,Valid Claim,train,data/train/cards/valid_claim/CLM-00671.png
CLM-00148,Valid Claim,train,data/train/cards/valid_claim/CLM-00148.png
CLM-00768,Manual Review,train,data/train/cards/manual_review/CLM-00768.png
CLM-00985,Valid Claim,train,data/train/cards/valid_claim/CLM-00985.png
CLM-00894,Manual Review,train,data/train/cards/manual_review/CLM-00894.png
CLM-00410,Manual Review,train,data/train/cards/manual_review/CLM-00410.png
CLM-01364,Manual Review,train,data/train/cards/manual_review/CLM-01364.png
CLM-01163,Valid Claim,train,data/train/cards/valid_claim/CLM-01163.png
CLM-00222,Valid Claim,train,data/train/cards/valid_claim/CLM-00222.png
CLM-00507,Valid Claim,train,data/train/cards/valid_claim/CLM-00507.png
CLM-00647,Valid Claim,train,data/train/cards/valid_claim/CLM-00647.png
CLM-00130,Valid Claim,train,data/train/cards/valid_claim/CLM-00130.png
CLM-00897,Manual Review,train,data/train/cards/manual_review/CLM-00897.png
CLM-01191,Invalid Claim,train,data/train/cards/invalid_claim/CLM-01191.png
CLM-01022,Manual Review,train,data/train/cards/manual_review/CLM-01022.png
CLM-00409,Manual Review,train,data/train/cards/manual_review/CLM-00409.png
CLM-00245,Manual Review,train,data/train/cards/manual_review/CLM-00245.png
CLM-00607,Manual Review,train,data/train/cards/manual_review/CLM-00607.png
CLM-01333,Invalid Claim,train,data/train/cards/invalid_claim/CLM-01333.png
CLM-00593,Manual Review,train,data/train/cards/manual_review/CLM-00593.png
CLM-00287,Manual Review,train,data/train/cards/manual_review/CLM-00287.png
CLM-00182,Invalid Claim,train,data/train/cards/invalid_claim/CLM-00182.png
CLM-01029,Valid Claim,train,data/train/cards/valid_claim/CLM-01029.png
CLM-00949,Manual Review,train,data/train/cards/manual_review/CLM-00949.png
CLM-00337,Manual Review,train,data/train/cards/manual_review/CLM-00337.png
CLM-01090,Invalid Claim,train,data/train/cards/invalid_claim/CLM-01090.png
CLM-00290,Invalid Claim,train,data/train/cards/invalid_claim/CLM-00290.png
CLM-00865,Manual Review,train,data/train/cards/manual_review/CLM-00865.png
CLM-01458,Valid Claim,train,data/train/cards/valid_claim/CLM-01458.png
CLM-01382,Invalid Claim,train,data/train/cards/invalid_claim/CLM-01382.png
CLM-01357,Valid Claim,train,data/train/cards/valid_claim/CLM-01357.png
CLM-00983,Valid Claim,train,data/train/cards/valid_claim/CLM-00983.png
CLM-01311,Manual Review,train,data/train/cards/manual_review/CLM-01311.png
CLM-00030,Invalid Claim,train,data/train/cards/invalid_claim/CLM-00030.png
CLM-01235,Valid Claim,train,data/train/cards/valid_claim/CLM-01235.png
CLM-00364,Manual Review,train,data/train/cards/manual_review/CLM-00364.png
CLM-00608,Invalid Claim,train,data/train/cards/invalid_claim/CLM-00608.png
CLM-01068,Valid Claim,train,data/train/cards/valid_claim/CLM-01068.png
CLM-01239,Invalid Claim,train,data/train/cards/invalid_claim/CLM-01239.png
CLM-01203,Invalid Claim,train,data/train/cards/invalid_claim/CLM-01203.png
CLM-01330,Valid Claim,train,data/train/cards/valid_claim/CLM-01330.png
CLM-01217,Manual Review,train,data/train/cards/manual_review/CLM-01217.png
CLM-00964,Invalid Claim,train,data/train/cards/invalid_claim/CLM-00964.png
CLM-00307,Invalid Claim,train,data/train/cards/invalid_claim/CLM-00307.png
CLM-01296,Valid Claim,train,data/train/cards/valid_claim/CLM-01296.png
CLM-00562,Manual Review,train,data/train/cards/manual_review/CLM-00562.png
CLM-00918,Valid Claim,train,data/train/cards/valid_claim/CLM-00918.png
CLM-00794,Invalid Claim,train,data/train/cards/invalid_claim/CLM-00794.png
CLM-00389,Valid Claim,train,data/train/cards/valid_claim/CLM-00389.png
CLM-01151,Manual Review,train,data/train/cards/manual_review/CLM-01151.png
CLM-00634,Valid Claim,train,data/train/cards/valid_claim/CLM-00634.png
CLM-01259,Valid Claim,train,data/train/cards/valid_claim/CLM-01259.png
CLM-01112,Valid Claim,train,data/train/cards/valid_claim/CLM-01112.png
CLM-00694,Invalid Claim,train,data/train/cards/invalid_claim/CLM-00694.png
CLM-00263,Valid Claim,train,data/train/cards/valid_claim/CLM-00263.png
CLM-01238,Manual Review,train,data/train/cards/manual_review/CLM-01238.png
CLM-00994,Manual Review,train,data/train/cards/manual_review/CLM-00994.png
CLM-00316,Manual Review,train,data/train/cards/manual_review/CLM-00316.png
CLM-00107,Valid Claim,train,data/train/cards/valid_claim/CLM-00107.png
CLM-00770,Valid Claim,train,data/train/cards/valid_claim/CLM-00770.png
CLM-01395,Manual Review,train,data/train/cards/manual_review/CLM-01395.png
CLM-00638,Manual Review,train,data/train/cards/manual_review/CLM-00638.png
CLM-01271,Manual Review,train,data/train/cards/manual_review/CLM-01271.png
CLM-00637,Invalid Claim,train,data/train/cards/invalid_claim/CLM-00637.png
CLM-01467,Valid Claim,train,data/train/cards/valid_claim/CLM-01467.png
CLM-01457,Manual Review,train,data/train/cards/manual_review/CLM-01457.png
CLM-01291,Manual Review,train,data/train/cards/manual_review/CLM-01291.png
CLM-00257,Valid Claim,train,data/train/cards/valid_claim/CLM-00257.png
CLM-00571,Invalid Claim,train,data/train/cards/invalid_claim/CLM-00571.png
CLM-00836,Manual Review,train,data/train/cards/manual_review/CLM-00836.png
CLM-01335,Invalid Claim,train,data/train/cards/invalid_claim/CLM-01335.png
CLM-00644,Manual Review,train,data/train/cards/manual_review/CLM-00644.png
CLM-00840,Manual Review,train,data/train/cards/manual_review/CLM-00840.png
CLM-00260,Manual Review,train,data/train/cards/manual_review/CLM-00260.png
CLM-00085,Invalid Claim,train,data/train/cards/invalid_claim/CLM-00085.png
CLM-00642,Valid Claim,train,data/train/cards/valid_claim/CLM-00642.png
CLM-00259,Manual Review,train,data/train/cards/manual_review/CLM-00259.png
CLM-00050,Invalid Claim,train,data/train/cards/invalid_claim/CLM-00050.png
CLM-00903,Valid Claim,train,data/train/cards/valid_claim/CLM-00903.png
CLM-00758,Invalid Claim,train,data/train/cards/invalid_claim/CLM-00758.png
CLM-00870,Invalid Claim,train,data/train/cards/invalid_claim/CLM-00870.png
CLM-00750,Invalid Claim,train,data/train/cards/invalid_claim/CLM-00750.png
CLM-00561,Invalid Claim,train,data/train/cards/invalid_claim/CLM-00561.png
CLM-00138,Valid Claim,train,data/train/cards/valid_claim/CLM-00138.png
CLM-01140,Manual Review,train,data/train/cards/manual_review/CLM-01140.png
CLM-00462,Valid Claim,train,data/train/cards/valid_claim/CLM-00462.png
CLM-00090,Manual Review,train,data/train/cards/manual_review/CLM-00090.png
CLM-01223,Manual Review,train,data/train/cards/manual_review/CLM-01223.png
CLM-01284,Manual Review,train,data/train/cards/manual_review/CLM-01284.png
CLM-00790,Invalid Claim,train,data/train/cards/invalid_claim/CLM-00790.png
CLM-01023,Valid Claim,train,data/train/cards/valid_claim/CLM-01023.png
CLM-00548,Valid Claim,train,data/train/cards/valid_claim/CLM-00548.png
CLM-00700,Manual Review,train,data/train/cards/manual_review/CLM-00700.png
CLM-00798,Manual Review,train,data/train/cards/manual_review/CLM-00798.png
CLM-00751,Manual Review,train,data/train/cards/manual_review/CLM-00751.png
CLM-01315,Invalid Claim,train,data/train/cards/invalid_claim/CLM-01315.png
CLM-00609,Manual Review,train,data/train/cards/manual_review/CLM-00609.png
CLM-00037,Manual Review,train,data/train/cards/manual_review/CLM-00037.png
CLM-01075,Valid Claim,train,data/train/cards/valid_claim/CLM-01075.png
CLM-01122,Manual Review,train,data/train/cards/manual_review/CLM-01122.png
CLM-01275,Valid Claim,train,data/train/cards/valid_claim/CLM-01275.png
CLM-00864,Invalid Claim,train,data/train/cards/invalid_claim/CLM-00864.png
CLM-01054,Manual Review,train,data/train/cards/manual_review/CLM-01054.png
CLM-00191,Invalid Claim,train,data/train/cards/invalid_claim/CLM-00191.png
CLM-01381,Manual Review,train,data/train/cards/manual_review/CLM-01381.png
CLM-01146,Invalid Claim,train,data/train/cards/invalid_claim/CLM-01146.png
CLM-00516,Valid Claim,train,data/train/cards/valid_claim/CLM-00516.png
CLM-00363,Invalid Claim,train,data/train/cards/invalid_claim/CLM-00363.png
CLM-00834,Invalid Claim,train,data/train/cards/invalid_claim/CLM-00834.png
CLM-01406,Invalid Claim,train,data/train/cards/invalid_claim/CLM-01406.png
CLM-00481,Manual Review,train,data/train/cards/manual_review/CLM-00481.png
CLM-01101,Invalid Claim,train,data/train/cards/invalid_claim/CLM-01101.png
CLM-01454,Manual Review,train,data/train/cards/manual_review/CLM-01454.png
CLM-00601,Manual Review,train,data/train/cards/manual_review/CLM-00601.png
CLM-00013,Invalid Claim,train,data/train/cards/invalid_claim/CLM-00013.png
CLM-00665,Manual Review,train,data/train/cards/manual_review/CLM-00665.png
CLM-01063,Valid Claim,train,data/train/cards/valid_claim/CLM-01063.png
CLM-00962,Manual Review,train,data/train/cards/manual_review/CLM-00962.png
CLM-00505,Invalid Claim,train,data/train/cards/invalid_claim/CLM-00505.png
CLM-00774,Invalid Claim,train,data/train/cards/invalid_claim/CLM-00774.png
CLM-01079,Valid Claim,train,data/train/cards/valid_claim/CLM-01079.png
CLM-00404,Manual Review,train,data/train/cards/manual_review/CLM-00404.png
CLM-00135,Invalid Claim,train,data/train/cards/invalid_claim/CLM-00135.png
CLM-00075,Valid Claim,train,data/train/cards/valid_claim/CLM-00075.png
CLM-01441,Manual Review,train,data/train/cards/manual_review/CLM-01441.png
CLM-00007,Valid Claim,train,data/train/cards/valid_claim/CLM-00007.png
CLM-00498,Manual Review,train,data/train/cards/manual_review/CLM-00498.png
CLM-00726,Valid Claim,train,data/train/cards/valid_claim/CLM-00726.png
CLM-01489,Valid Claim,train,data/train/cards/valid_claim/CLM-01489.png
CLM-00249,Valid Claim,train,data/train/cards/valid_claim/CLM-00249.png
CLM-00024,Invalid Claim,train,data/train/cards/invalid_claim/CLM-00024.png
CLM-00216,Invalid Claim,train,data/train/cards/invalid_claim/CLM-00216.png
CLM-00172,Valid Claim,train,data/train/cards/valid_claim/CLM-00172.png
CLM-00915,Manual Review,train,data/train/cards/manual_review/CLM-00915.png
CLM-00204,Invalid Claim,train,data/train/cards/invalid_claim/CLM-00204.png
CLM-00203,Manual Review,train,data/train/cards/manual_review/CLM-00203.png
CLM-01032,Valid Claim,train,data/train/cards/valid_claim/CLM-01032.png
CLM-00445,Invalid Claim,train,data/train/cards/invalid_claim/CLM-00445.png
CLM-00744,Manual Review,train,data/train/cards/manual_review/CLM-00744.png
CLM-01403,Valid Claim,train,data/train/cards/valid_claim/CLM-01403.png
CLM-00917,Invalid Claim,train,data/train/cards/invalid_claim/CLM-00917.png
CLM-01092,Invalid Claim,train,data/train/cards/invalid_claim/CLM-01092.png
CLM-00636,Invalid Claim,train,data/train/cards/invalid_claim/CLM-00636.png
CLM-00725,Invalid Claim,train,data/train/cards/invalid_claim/CLM-00725.png
CLM-00512,Valid Claim,train,data/train/cards/valid_claim/CLM-00512.png
CLM-00345,Valid Claim,train,data/train/cards/valid_claim/CLM-00345.png
CLM-00136,Manual Review,train,data/train/cards/manual_review/CLM-00136.png
CLM-00125,Manual Review,train,data/train/cards/manual_review/CLM-00125.png
CLM-01194,Valid Claim,train,data/train/cards/valid_claim/CLM-01194.png
CLM-00625,Manual Review,train,data/train/cards/manual_review/CLM-00625.png
CLM-00180,Valid Claim,train,data/train/cards/valid_claim/CLM-00180.png
CLM-00855,Valid Claim,train,data/train/cards/valid_claim/CLM-00855.png
CLM-00155,Invalid Claim,train,data/train/cards/invalid_claim/CLM-00155.png
CLM-00787,Valid Claim,train,data/train/cards/valid_claim/CLM-00787.png
CLM-00649,Invalid Claim,train,data/train/cards/invalid_claim/CLM-00649.png
CLM-00577,Valid Claim,train,data/train/cards/valid_claim/CLM-00577.png
CLM-00591,Valid Claim,train,data/train/cards/valid_claim/CLM-00591.png
CLM-00923,Invalid Claim,train,data/train/cards/invalid_claim/CLM-00923.png
CLM-01020,Valid Claim,train,data/train/cards/valid_claim/CLM-01020.png
CLM-00762,Valid Claim,train,data/train/cards/valid_claim/CLM-00762.png
CLM-01419,Valid Claim,train,data/train/cards/valid_claim/CLM-01419.png
CLM-00381,Manual Review,train,data/train/cards/manual_review/CLM-00381.png
CLM-00528,Valid Claim,train,data/train/cards/valid_claim/CLM-00528.png
CLM-01323,Valid Claim,train,data/train/cards/valid_claim/CLM-01323.png
CLM-01014,Invalid Claim,train,data/train/cards/invalid_claim/CLM-01014.png
CLM-01257,Invalid Claim,train,data/train/cards/invalid_claim/CLM-01257.png
CLM-00998,Valid Claim,train,data/train/cards/valid_claim/CLM-00998.png
CLM-00568,Invalid Claim,train,data/train/cards/invalid_claim/CLM-00568.png
CLM-00819,Manual Review,train,data/train/cards/manual_review/CLM-00819.png
CLM-01482,Valid Claim,train,data/train/cards/valid_claim/CLM-01482.png
CLM-00713,Valid Claim,train,data/train/cards/valid_claim/CLM-00713.png
CLM-00233,Manual Review,train,data/train/cards/manual_review/CLM-00233.png
CLM-00339,Manual Review,train,data/train/cards/manual_review/CLM-00339.png
CLM-01476,Valid Claim,train,data/train/cards/valid_claim/CLM-01476.png
CLM-00883,Invalid Claim,train,data/train/cards/invalid_claim/CLM-00883.png
CLM-01331,Invalid Claim,train,data/train/cards/invalid_claim/CLM-01331.png
CLM-00646,Invalid Claim,train,data/train/cards/invalid_claim/CLM-00646.png
CLM-01448,Valid Claim,train,data/train/cards/valid_claim/CLM-01448.png
CLM-00401,Manual Review,train,data/train/cards/manual_review/CLM-00401.png
CLM-01182,Manual Review,train,data/train/cards/manual_review/CLM-01182.png
CLM-00954,Manual Review,train,data/train/cards/manual_review/CLM-00954.png
CLM-00872,Manual Review,train,data/train/cards/manual_review/CLM-00872.png
CLM-00837,Invalid Claim,train,data/train/cards/invalid_claim/CLM-00837.png
CLM-01111,Valid Claim,train,data/train/cards/valid_claim/CLM-01111.png
CLM-00772,Manual Review,train,data/train/cards/manual_review/CLM-00772.png
CLM-01456,Manual Review,train,data/train/cards/manual_review/CLM-01456.png
CLM-01065,Valid Claim,train,data/train/cards/valid_claim/CLM-01065.png
CLM-00452,Valid Claim,train,data/train/cards/valid_claim/CLM-00452.png
CLM-00139,Valid Claim,train,data/train/cards/valid_claim/CLM-00139.png
CLM-00553,Manual Review,train,data/train/cards/manual_review/CLM-00553.png
CLM-00728,Invalid Claim,train,data/train/cards/invalid_claim/CLM-00728.png
CLM-00042,Manual Review,train,data/train/cards/manual_review/CLM-00042.png
CLM-00705,Invalid Claim,train,data/train/cards/invalid_claim/CLM-00705.png
CLM-00984,Valid Claim,train,data/train/cards/valid_claim/CLM-00984.png
CLM-00198,Invalid Claim,train,data/train/cards/invalid_claim/CLM-00198.png
CLM-01366,Manual Review,train,data/train/cards/manual_review/CLM-01366.png
CLM-00573,Manual Review,train,data/train/cards/manual_review/CLM-00573.png
CLM-00597,Invalid Claim,train,data/train/cards/invalid_claim/CLM-00597.png
CLM-00152,Manual Review,train,data/train/cards/manual_review/CLM-00152.png
CLM-00652,Valid Claim,train,data/train/cards/valid_claim/CLM-00652.png
CLM-01186,Invalid Claim,train,data/train/cards/invalid_claim/CLM-01186.png
CLM-00424,Valid Claim,train,data/train/cards/valid_claim/CLM-00424.png
CLM-01187,Invalid Claim,train,data/train/cards/invalid_claim/CLM-01187.png
CLM-00331,Valid Claim,train,data/train/cards/valid_claim/CLM-00331.png
CLM-00443,Invalid Claim,train,data/train/cards/invalid_claim/CLM-00443.png
CLM-00060,Invalid Claim,train,data/train/cards/invalid_claim/CLM-00060.png
CLM-01255,Manual Review,train,data/train/cards/manual_review/CLM-01255.png
CLM-00357,Manual Review,train,data/train/cards/manual_review/CLM-00357.png
CLM-00425,Valid Claim,train,data/train/cards/valid_claim/CLM-00425.png
CLM-00054,Valid Claim,train,data/train/cards/valid_claim/CLM-00054.png
CLM-01439,Invalid Claim,train,data/train/cards/invalid_claim/CLM-01439.png
CLM-00474,Valid Claim,train,data/train/cards/valid_claim/CLM-00474.png
CLM-01340,Manual Review,train,data/train/cards/manual_review/CLM-01340.png
CLM-00759,Manual Review,train,data/train/cards/manual_review/CLM-00759.png
CLM-01266,Valid Claim,train,data/train/cards/valid_claim/CLM-01266.png
CLM-01078,Invalid Claim,train,data/train/cards/invalid_claim/CLM-01078.png
CLM-01081,Invalid Claim,train,data/train/cards/invalid_claim/CLM-01081.png
CLM-01017,Valid Claim,train,data/train/cards/valid_claim/CLM-01017.png
CLM-00466,Valid Claim,train,data/train/cards/valid_claim/CLM-00466.png
CLM-00992,Valid Claim,train,data/train/cards/valid_claim/CLM-00992.png
CLM-01352,Valid Claim,train,data/train/cards/valid_claim/CLM-01352.png
CLM-00134,Invalid Claim,train,data/train/cards/invalid_claim/CLM-00134.png
CLM-00428,Valid Claim,train,data/train/cards/valid_claim/CLM-00428.png
CLM-00241,Valid Claim,train,data/train/cards/valid_claim/CLM-00241.png
CLM-00086,Invalid Claim,train,data/train/cards/invalid_claim/CLM-00086.png
CLM-01280,Valid Claim,train,data/train/cards/valid_claim/CLM-01280.png
CLM-01465,Valid Claim,train,data/train/cards/valid_claim/CLM-01465.png
CLM-01292,Manual Review,train,data/train/cards/manual_review/CLM-01292.png
CLM-00605,Invalid Claim,train,data/train/cards/invalid_claim/CLM-00605.png
CLM-00352,Valid Claim,train,data/train/cards/valid_claim/CLM-00352.png
CLM-00283,Manual Review,train,data/train/cards/manual_review/CLM-00283.png
CLM-00767,Valid Claim,train,data/train/cards/valid_claim/CLM-00767.png
CLM-01479,Valid Claim,train,data/train/cards/valid_claim/CLM-01479.png
CLM-00169,Valid Claim,train,data/train/cards/valid_claim/CLM-00169.png
CLM-00028,Valid Claim,train,data/train/cards/valid_claim/CLM-00028.png
CLM-00959,Invalid Claim,train,data/train/cards/invalid_claim/CLM-00959.png
CLM-00376,Invalid Claim,train,data/train/cards/invalid_claim/CLM-00376.png
CLM-01102,Valid Claim,train,data/train/cards/valid_claim/CLM-01102.png
CLM-01136,Valid Claim,train,data/train/cards/valid_claim/CLM-01136.png
CLM-01211,Valid Claim,train,data/train/cards/valid_claim/CLM-01211.png
CLM-01324,Manual Review,train,data/train/cards/manual_review/CLM-01324.png
CLM-00900,Valid Claim,train,data/train/cards/valid_claim/CLM-00900.png
CLM-00055,Manual Review,train,data/train/cards/manual_review/CLM-00055.png
CLM-00755,Valid Claim,train,data/train/cards/valid_claim/CLM-00755.png
CLM-00544,Manual Review,train,data/train/cards/manual_review/CLM-00544.png
CLM-00692,Valid Claim,train,data/train/cards/valid_claim/CLM-00692.png
CLM-01142,Valid Claim,train,data/train/cards/valid_claim/CLM-01142.png
CLM-00583,Valid Claim,train,data/train/cards/valid_claim/CLM-00583.png
CLM-00396,Invalid Claim,train,data/train/cards/invalid_claim/CLM-00396.png
CLM-01248,Manual Review,train,data/train/cards/manual_review/CLM-01248.png
CLM-01316,Valid Claim,train,data/train/cards/valid_claim/CLM-01316.png
CLM-00470,Valid Claim,train,data/train/cards/valid_claim/CLM-00470.png
CLM-00830,Invalid Claim,train,data/train/cards/invalid_claim/CLM-00830.png
CLM-00397,Manual Review,train,data/train/cards/manual_review/CLM-00397.png
CLM-01143,Valid Claim,train,data/train/cards/valid_claim/CLM-01143.png
CLM-01091,Valid Claim,train,data/train/cards/valid_claim/CLM-01091.png
CLM-00563,Valid Claim,train,data/train/cards/valid_claim/CLM-00563.png
CLM-00943,Manual Review,train,data/train/cards/manual_review/CLM-00943.png
CLM-00690,Manual Review,train,data/train/cards/manual_review/CLM-00690.png
CLM-00298,Invalid Claim,train,data/train/cards/invalid_claim/CLM-00298.png
CLM-01313,Valid Claim,train,data/train/cards/valid_claim/CLM-01313.png
CLM-00538,Invalid Claim,train,data/train/cards/invalid_claim/CLM-00538.png
CLM-00102,Invalid Claim,train,data/train/cards/invalid_claim/CLM-00102.png
CLM-00866,Manual Review,train,data/train/cards/manual_review/CLM-00866.png
CLM-00582,Valid Claim,train,data/train/cards/valid_claim/CLM-00582.png
CLM-01031,Valid Claim,train,data/train/cards/valid_claim/CLM-01031.png
CLM-00551,Manual Review,train,data/train/cards/manual_review/CLM-00551.png
CLM-00953,Manual Review,train,data/train/cards/manual_review/CLM-00953.png
CLM-01268,Invalid Claim,train,data/train/cards/invalid_claim/CLM-01268.png
CLM-00525,Manual Review,train,data/train/cards/manual_review/CLM-00525.png
CLM-01428,Manual Review,train,data/train/cards/manual_review/CLM-01428.png
CLM-00720,Invalid Claim,train,data/train/cards/invalid_claim/CLM-00720.png
CLM-00704,Valid Claim,train,data/train/cards/valid_claim/CLM-00704.png
CLM-00816,Manual Review,train,data/train/cards/manual_review/CLM-00816.png
CLM-00886,Invalid Claim,train,data/train/cards/invalid_claim/CLM-00886.png
CLM-00348,Manual Review,train,data/train/cards/manual_review/CLM-00348.png
CLM-00369,Manual Review,train,data/train/cards/manual_review/CLM-00369.png
CLM-01010,Valid Claim,train,data/train/cards/valid_claim/CLM-01010.png
CLM-00406,Manual Review,train,data/train/cards/manual_review/CLM-00406.png
CLM-00805,Manual Review,train,data/train/cards/manual_review/CLM-00805.png
CLM-01453,Invalid Claim,train,data/train/cards/invalid_claim/CLM-01453.png
CLM-01105,Invalid Claim,train,data/train/cards/invalid_claim/CLM-01105.png
CLM-00854,Invalid Claim,train,data/train/cards/invalid_claim/CLM-00854.png
CLM-00023,Manual Review,train,data/train/cards/manual_review/CLM-00023.png
CLM-01192,Manual Review,train,data/train/cards/manual_review/CLM-01192.png
CLM-00911,Valid Claim,train,data/train/cards/valid_claim/CLM-00911.png
CLM-00311,Manual Review,train,data/train/cards/manual_review/CLM-00311.png
CLM-00299,Valid Claim,train,data/train/cards/valid_claim/CLM-00299.png
CLM-01008,Manual Review,train,data/train/cards/manual_review/CLM-01008.png
CLM-00467,Invalid Claim,train,data/train/cards/invalid_claim/CLM-00467.png
CLM-00248,Valid Claim,train,data/train/cards/valid_claim/CLM-00248.png
CLM-01233,Manual Review,train,data/train/cards/manual_review/CLM-01233.png
CLM-01249,Manual Review,train,data/train/cards/manual_review/CLM-01249.png
CLM-00438,Manual Review,train,data/train/cards/manual_review/CLM-00438.png
CLM-01338,Invalid Claim,train,data/train/cards/invalid_claim/CLM-01338.png
CLM-00944,Invalid Claim,train,data/train/cards/invalid_claim/CLM-00944.png
CLM-01158,Manual Review,train,data/train/cards/manual_review/CLM-01158.png
CLM-00558,Manual Review,train,data/train/cards/manual_review/CLM-00558.png
CLM-00412,Manual Review,train,data/train/cards/manual_review/CLM-00412.png
CLM-00456,Invalid Claim,train,data/train/cards/invalid_claim/CLM-00456.png
CLM-01487,Manual Review,train,data/train/cards/manual_review/CLM-01487.png
CLM-00373,Manual Review,train,data/train/cards/manual_review/CLM-00373.png
CLM-00839,Manual Review,train,data/train/cards/manual_review/CLM-00839.png
CLM-00732,Manual Review,train,data/train/cards/manual_review/CLM-00732.png
CLM-01229,Valid Claim,train,data/train/cards/valid_claim/CLM-01229.png
CLM-00038,Manual Review,train,data/train/cards/manual_review/CLM-00038.png
CLM-00315,Manual Review,train,data/train/cards/manual_review/CLM-00315.png
CLM-00776,Invalid Claim,train,data/train/cards/invalid_claim/CLM-00776.png
CLM-00400,Valid Claim,train,data/train/cards/valid_claim/CLM-00400.png
CLM-01106,Valid Claim,train,data/train/cards/valid_claim/CLM-01106.png
CLM-01246,Invalid Claim,train,data/train/cards/invalid_claim/CLM-01246.png
CLM-01209,Manual Review,train,data/train/cards/manual_review/CLM-01209.png
CLM-00358,Invalid Claim,train,data/train/cards/invalid_claim/CLM-00358.png
CLM-00648,Invalid Claim,train,data/train/cards/invalid_claim/CLM-00648.png
CLM-00129,Manual Review,train,data/train/cards/manual_review/CLM-00129.png
CLM-00560,Manual Review,train,data/train/cards/manual_review/CLM-00560.png
CLM-00407,Valid Claim,train,data/train/cards/valid_claim/CLM-00407.png
CLM-01207,Invalid Claim,train,data/train/cards/invalid_claim/CLM-01207.png
CLM-00709,Valid Claim,train,data/train/cards/valid_claim/CLM-00709.png
CLM-01369,Valid Claim,train,data/train/cards/valid_claim/CLM-01369.png
CLM-00393,Invalid Claim,train,data/train/cards/invalid_claim/CLM-00393.png
CLM-00906,Manual Review,train,data/train/cards/manual_review/CLM-00906.png
CLM-00301,Invalid Claim,train,data/train/cards/invalid_claim/CLM-00301.png
CLM-00826,Invalid Claim,train,data/train/cards/invalid_claim/CLM-00826.png
CLM-01443,Manual Review,train,data/train/cards/manual_review/CLM-01443.png
CLM-01214,Valid Claim,train,data/train/cards/valid_claim/CLM-01214.png
CLM-00952,Manual Review,train,data/train/cards/manual_review/CLM-00952.png
CLM-01336,Invalid Claim,train,data/train/cards/invalid_claim/CLM-01336.png
CLM-01115,Manual Review,train,data/train/cards/manual_review/CLM-01115.png
CLM-01037,Invalid Claim,train,data/train/cards/invalid_claim/CLM-01037.png
CLM-00004,Invalid Claim,train,data/train/cards/invalid_claim/CLM-00004.png
CLM-00532,Manual Review,train,data/train/cards/manual_review/CLM-00532.png
CLM-00989,Invalid Claim,train,data/train/cards/invalid_claim/CLM-00989.png
CLM-00712,Manual Review,train,data/train/cards/manual_review/CLM-00712.png
CLM-01486,Manual Review,train,data/train/cards/manual_review/CLM-01486.png
CLM-01256,Valid Claim,train,data/train/cards/valid_claim/CLM-01256.png
CLM-00455,Manual Review,train,data/train/cards/manual_review/CLM-00455.png
CLM-00402,Manual Review,train,data/train/cards/manual_review/CLM-00402.png
CLM-01169,Manual Review,train,data/train/cards/manual_review/CLM-01169.png
CLM-00777,Manual Review,train,data/train/cards/manual_review/CLM-00777.png
CLM-00018,Manual Review,train,data/train/cards/manual_review/CLM-00018.png
CLM-00318,Manual Review,train,data/train/cards/manual_review/CLM-00318.png
CLM-01127,Manual Review,train,data/train/cards/manual_review/CLM-01127.png
CLM-01051,Manual Review,train,data/train/cards/manual_review/CLM-01051.png
CLM-00515,Invalid Claim,train,data/train/cards/invalid_claim/CLM-00515.png
CLM-01006,Invalid Claim,train,data/train/cards/invalid_claim/CLM-01006.png
CLM-00621,Manual Review,train,data/train/cards/manual_review/CLM-00621.png
CLM-00071,Valid Claim,train,data/train/cards/valid_claim/CLM-00071.png
CLM-00961,Manual Review,train,data/train/cards/manual_review/CLM-00961.png
CLM-00131,Invalid Claim,train,data/train/cards/invalid_claim/CLM-00131.png
CLM-01147,Invalid Claim,train,data/train/cards/invalid_claim/CLM-01147.png
CLM-00119,Invalid Claim,train,data/train/cards/invalid_claim/CLM-00119.png
CLM-01367,Invalid Claim,train,data/train/cards/invalid_claim/CLM-01367.png
CLM-00960,Invalid Claim,train,data/train/cards/invalid_claim/CLM-00960.png
CLM-00146,Invalid Claim,train,data/train/cards/invalid_claim/CLM-00146.png
CLM-00436,Invalid Claim,train,data/train/cards/invalid_claim/CLM-00436.png
CLM-01156,Manual Review,train,data/train/cards/manual_review/CLM-01156.png
CLM-00099,Valid Claim,train,data/train/cards/valid_claim/CLM-00099.png
CLM-01429,Valid Claim,train,data/train/cards/valid_claim/CLM-01429.png
CLM-00971,Manual Review,train,data/train/cards/manual_review/CLM-00971.png
CLM-00550,Invalid Claim,train,data/train/cards/invalid_claim/CLM-00550.png
CLM-00895,Valid Claim,train,data/train/cards/valid_claim/CLM-00895.png
CLM-00366,Valid Claim,train,data/train/cards/valid_claim/CLM-00366.png
CLM-01404,Valid Claim,train,data/train/cards/valid_claim/CLM-01404.png
CLM-00677,Valid Claim,train,data/train/cards/valid_claim/CLM-00677.png
CLM-01036,Manual Review,train,data/train/cards/manual_review/CLM-01036.png
CLM-00610,Invalid Claim,train,data/train/cards/invalid_claim/CLM-00610.png
CLM-01234,Invalid Claim,train,data/train/cards/invalid_claim/CLM-01234.png
CLM-00431,Valid Claim,train,data/train/cards/valid_claim/CLM-00431.png
CLM-00567,Invalid Claim,train,data/train/cards/invalid_claim/CLM-00567.png
CLM-00084,Invalid Claim,train,data/train/cards/invalid_claim/CLM-00084.png
CLM-01162,Valid Claim,train,data/train/cards/valid_claim/CLM-01162.png
CLM-01197,Valid Claim,train,data/train/cards/valid_claim/CLM-01197.png
CLM-00448,Invalid Claim,train,data/train/cards/invalid_claim/CLM-00448.png
CLM-00458,Manual Review,train,data/train/cards/manual_review/CLM-00458.png
CLM-00044,Invalid Claim,train,data/train/cards/invalid_claim/CLM-00044.png
CLM-01047,Manual Review,train,data/train/cards/manual_review/CLM-01047.png
CLM-00295,Valid Claim,train,data/train/cards/valid_claim/CLM-00295.png
CLM-00003,Valid Claim,train,data/train/cards/valid_claim/CLM-00003.png
CLM-00674,Valid Claim,train,data/train/cards/valid_claim/CLM-00674.png
CLM-00437,Invalid Claim,train,data/train/cards/invalid_claim/CLM-00437.png
CLM-00449,Invalid Claim,train,data/train/cards/invalid_claim/CLM-00449.png
CLM-00243,Manual Review,train,data/train/cards/manual_review/CLM-00243.png
CLM-00228,Invalid Claim,train,data/train/cards/invalid_claim/CLM-00228.png
CLM-01452,Manual Review,train,data/train/cards/manual_review/CLM-01452.png
CLM-00370,Valid Claim,train,data/train/cards/valid_claim/CLM-00370.png
CLM-01322,Manual Review,train,data/train/cards/manual_review/CLM-01322.png
CLM-00036,Valid Claim,train,data/train/cards/valid_claim/CLM-00036.png
CLM-00225,Invalid Claim,train,data/train/cards/invalid_claim/CLM-00225.png
CLM-00016,Valid Claim,train,data/train/cards/valid_claim/CLM-00016.png
CLM-00951,Invalid Claim,train,data/train/cards/invalid_claim/CLM-00951.png
CLM-00052,Valid Claim,train,data/train/cards/valid_claim/CLM-00052.png
CLM-00368,Valid Claim,train,data/train/cards/valid_claim/CLM-00368.png
CLM-00112,Valid Claim,train,data/train/cards/valid_claim/CLM-00112.png
CLM-00824,Manual Review,train,data/train/cards/manual_review/CLM-00824.png
CLM-00473,Manual Review,train,data/train/cards/manual_review/CLM-00473.png
CLM-00173,Valid Claim,train,data/train/cards/valid_claim/CLM-00173.png
CLM-00021,Manual Review,train,data/train/cards/manual_review/CLM-00021.png
CLM-00232,Valid Claim,train,data/train/cards/valid_claim/CLM-00232.png
CLM-00980,Valid Claim,train,data/train/cards/valid_claim/CLM-00980.png
CLM-01356,Manual Review,train,data/train/cards/manual_review/CLM-01356.png
CLM-01138,Valid Claim,train,data/train/cards/valid_claim/CLM-01138.png
CLM-00375,Invalid Claim,train,data/train/cards/invalid_claim/CLM-00375.png
CLM-00211,Manual Review,train,data/train/cards/manual_review/CLM-00211.png
CLM-00742,Invalid Claim,train,data/train/cards/invalid_claim/CLM-00742.png
CLM-00271,Manual Review,train,data/train/cards/manual_review/CLM-00271.png
CLM-00513,Invalid Claim,train,data/train/cards/invalid_claim/CLM-00513.png
CLM-01401,Valid Claim,train,data/train/cards/valid_claim/CLM-01401.png
CLM-00781,Manual Review,train,data/train/cards/manual_review/CLM-00781.png
CLM-01027,Invalid Claim,train,data/train/cards/invalid_claim/CLM-01027.png
CLM-01422,Valid Claim,train,data/train/cards/valid_claim/CLM-01422.png
CLM-00280,Valid Claim,train,data/train/cards/valid_claim/CLM-00280.png
CLM-00429,Manual Review,train,data/train/cards/manual_review/CLM-00429.png
CLM-01190,Manual Review,train,data/train/cards/manual_review/CLM-01190.png
CLM-00480,Manual Review,train,data/train/cards/manual_review/CLM-00480.png
CLM-01110,Invalid Claim,train,data/train/cards/invalid_claim/CLM-01110.png
CLM-00653,Valid Claim,train,data/train/cards/valid_claim/CLM-00653.png
CLM-00788,Manual Review,train,data/train/cards/manual_review/CLM-00788.png
CLM-01471,Manual Review,train,data/train/cards/manual_review/CLM-01471.png
CLM-00061,Invalid Claim,train,data/train/cards/invalid_claim/CLM-00061.png
CLM-01350,Invalid Claim,train,data/train/cards/invalid_claim/CLM-01350.png
CLM-00710,Valid Claim,train,data/train/cards/valid_claim/CLM-00710.png
CLM-00254,Valid Claim,train,data/train/cards/valid_claim/CLM-00254.png
CLM-00019,Manual Review,train,data/train/cards/manual_review/CLM-00019.png
CLM-00482,Valid Claim,train,data/train/cards/valid_claim/CLM-00482.png
CLM-01431,Invalid Claim,train,data/train/cards/invalid_claim/CLM-01431.png
CLM-00848,Invalid Claim,train,data/train/cards/invalid_claim/CLM-00848.png
CLM-01232,Invalid Claim,train,data/train/cards/invalid_claim/CLM-01232.png
CLM-01064,Valid Claim,train,data/train/cards/valid_claim/CLM-01064.png
CLM-00884,Valid Claim,train,data/train/cards/valid_claim/CLM-00884.png
CLM-00421,Invalid Claim,train,data/train/cards/invalid_claim/CLM-00421.png
CLM-00162,Valid Claim,train,data/train/cards/valid_claim/CLM-00162.png
CLM-00706,Invalid Claim,train,data/train/cards/invalid_claim/CLM-00706.png
CLM-00002,Invalid Claim,train,data/train/cards/invalid_claim/CLM-00002.png
CLM-00346,Invalid Claim,train,data/train/cards/invalid_claim/CLM-00346.png
CLM-00603,Invalid Claim,train,data/train/cards/invalid_claim/CLM-00603.png
CLM-00891,Invalid Claim,train,data/train/cards/invalid_claim/CLM-00891.png
CLM-00078,Manual Review,train,data/train/cards/manual_review/CLM-00078.png
CLM-01387,Manual Review,train,data/train/cards/manual_review/CLM-01387.png
CLM-01421,Invalid Claim,train,data/train/cards/invalid_claim/CLM-01421.png
CLM-00417,Invalid Claim,train,data/train/cards/invalid_claim/CLM-00417.png
CLM-01189,Invalid Claim,train,data/train/cards/invalid_claim/CLM-01189.png
CLM-01224,Manual Review,train,data/train/cards/manual_review/CLM-01224.png
CLM-00681,Manual Review,train,data/train/cards/manual_review/CLM-00681.png
CLM-00797,Manual Review,train,data/train/cards/manual_review/CLM-00797.png
CLM-01325,Manual Review,train,data/train/cards/manual_review/CLM-01325.png
CLM-01258,Valid Claim,train,data/train/cards/valid_claim/CLM-01258.png
CLM-01307,Valid Claim,train,data/train/cards/valid_claim/CLM-01307.png
CLM-00199,Invalid Claim,train,data/train/cards/invalid_claim/CLM-00199.png
CLM-00310,Invalid Claim,train,data/train/cards/invalid_claim/CLM-00310.png
CLM-01491,Valid Claim,train,data/train/cards/valid_claim/CLM-01491.png
CLM-00683,Manual Review,train,data/train/cards/manual_review/CLM-00683.png
CLM-01267,Invalid Claim,train,data/train/cards/invalid_claim/CLM-01267.png
CLM-00899,Manual Review,train,data/train/cards/manual_review/CLM-00899.png
CLM-00047,Valid Claim,train,data/train/cards/valid_claim/CLM-00047.png
CLM-01202,Valid Claim,train,data/train/cards/valid_claim/CLM-01202.png
CLM-00975,Valid Claim,train,data/train/cards/valid_claim/CLM-00975.png
CLM-00570,Manual Review,train,data/train/cards/manual_review/CLM-00570.png
CLM-01228,Manual Review,train,data/train/cards/manual_review/CLM-01228.png
CLM-00845,Manual Review,train,data/train/cards/manual_review/CLM-00845.png
CLM-01241,Manual Review,train,data/train/cards/manual_review/CLM-01241.png
CLM-01490,Manual Review,train,data/train/cards/manual_review/CLM-01490.png
CLM-00372,Manual Review,train,data/train/cards/manual_review/CLM-00372.png
CLM-00585,Manual Review,train,data/train/cards/manual_review/CLM-00585.png
CLM-00934,Invalid Claim,train,data/train/cards/invalid_claim/CLM-00934.png
CLM-00727,Invalid Claim,train,data/train/cards/invalid_claim/CLM-00727.png
CLM-00380,Manual Review,train,data/train/cards/manual_review/CLM-00380.png
CLM-00265,Invalid Claim,train,data/train/cards/invalid_claim/CLM-00265.png
CLM-00660,Manual Review,train,data/train/cards/manual_review/CLM-00660.png
CLM-00844,Valid Claim,train,data/train/cards/valid_claim/CLM-00844.png
CLM-00871,Valid Claim,train,data/train/cards/valid_claim/CLM-00871.png
CLM-00064,Invalid Claim,train,data/train/cards/invalid_claim/CLM-00064.png
CLM-00909,Invalid Claim,train,data/train/cards/invalid_claim/CLM-00909.png
CLM-01046,Invalid Claim,train,data/train/cards/invalid_claim/CLM-01046.png
CLM-01410,Manual Review,train,data/train/cards/manual_review/CLM-01410.png
CLM-01420,Manual Review,train,data/train/cards/manual_review/CLM-01420.png
CLM-00262,Valid Claim,train,data/train/cards/valid_claim/CLM-00262.png
CLM-01287,Invalid Claim,train,data/train/cards/invalid_claim/CLM-01287.png
CLM-01370,Valid Claim,train,data/train/cards/valid_claim/CLM-01370.png
CLM-01314,Valid Claim,train,data/train/cards/valid_claim/CLM-01314.png
CLM-00973,Manual Review,train,data/train/cards/manual_review/CLM-00973.png
CLM-00698,Invalid Claim,train,data/train/cards/invalid_claim/CLM-00698.png
CLM-00083,Invalid Claim,train,data/train/cards/invalid_claim/CLM-00083.png
CLM-00566,Manual Review,train,data/train/cards/manual_review/CLM-00566.png
CLM-00293,Manual Review,train,data/train/cards/manual_review/CLM-00293.png
CLM-01328,Manual Review,train,data/train/cards/manual_review/CLM-01328.png
CLM-00633,Invalid Claim,train,data/train/cards/invalid_claim/CLM-00633.png
CLM-00302,Manual Review,train,data/train/cards/manual_review/CLM-00302.png
CLM-01180,Valid Claim,train,data/train/cards/valid_claim/CLM-01180.png
CLM-00200,Valid Claim,train,data/train/cards/valid_claim/CLM-00200.png
CLM-00469,Invalid Claim,train,data/train/cards/invalid_claim/CLM-00469.png
CLM-00867,Manual Review,train,data/train/cards/manual_review/CLM-00867.png
CLM-00104,Valid Claim,train,data/train/cards/valid_claim/CLM-00104.png
CLM-00435,Invalid Claim,train,data/train/cards/invalid_claim/CLM-00435.png
CLM-01373,Invalid Claim,train,data/train/cards/invalid_claim/CLM-01373.png
CLM-00267,Manual Review,train,data/train/cards/manual_review/CLM-00267.png
CLM-01397,Valid Claim,train,data/train/cards/valid_claim/CLM-01397.png
CLM-00080,Manual Review,train,data/train/cards/manual_review/CLM-00080.png
CLM-01205,Invalid Claim,train,data/train/cards/invalid_claim/CLM-01205.png
CLM-00150,Valid Claim,train,data/train/cards/valid_claim/CLM-00150.png
CLM-00205,Invalid Claim,train,data/train/cards/invalid_claim/CLM-00205.png
CLM-00940,Invalid Claim,train,data/train/cards/invalid_claim/CLM-00940.png
CLM-01085,Manual Review,train,data/train/cards/manual_review/CLM-01085.png
CLM-00229,Invalid Claim,train,data/train/cards/invalid_claim/CLM-00229.png
CLM-00946,Invalid Claim,train,data/train/cards/invalid_claim/CLM-00946.png
CLM-00987,Valid Claim,train,data/train/cards/valid_claim/CLM-00987.png
CLM-00715,Valid Claim,train,data/train/cards/valid_claim/CLM-00715.png
CLM-01082,Invalid Claim,train,data/train/cards/invalid_claim/CLM-01082.png
CLM-01240,Invalid Claim,train,data/train/cards/invalid_claim/CLM-01240.png
CLM-00606,Invalid Claim,train,data/train/cards/invalid_claim/CLM-00606.png
CLM-01094,Invalid Claim,train,data/train/cards/invalid_claim/CLM-01094.png
CLM-00106,Valid Claim,train,data/train/cards/valid_claim/CLM-00106.png
CLM-01160,Valid Claim,train,data/train/cards/valid_claim/CLM-01160.png
CLM-00096,Manual Review,train,data/train/cards/manual_review/CLM-00096.png
CLM-00685,Manual Review,train,data/train/cards/manual_review/CLM-00685.png
CLM-00733,Invalid Claim,train,data/train/cards/invalid_claim/CLM-00733.png
CLM-00183,Manual Review,train,data/train/cards/manual_review/CLM-00183.png
CLM-00723,Manual Review,train,data/train/cards/manual_review/CLM-00723.png
CLM-00939,Manual Review,train,data/train/cards/manual_review/CLM-00939.png
CLM-01386,Manual Review,train,data/train/cards/manual_review/CLM-01386.png
CLM-00033,Manual Review,train,data/train/cards/manual_review/CLM-00033.png
CLM-01464,Valid Claim,train,data/train/cards/valid_claim/CLM-01464.png
CLM-01133,Valid Claim,train,data/train/cards/valid_claim/CLM-01133.png
CLM-00533,Manual Review,train,data/train/cards/manual_review/CLM-00533.png
CLM-00602,Valid Claim,train,data/train/cards/valid_claim/CLM-00602.png
CLM-00514,Manual Review,train,data/train/cards/manual_review/CLM-00514.png
CLM-01135,Valid Claim,train,data/train/cards/valid_claim/CLM-01135.png
CLM-01210,Invalid Claim,train,data/train/cards/invalid_claim/CLM-01210.png
CLM-00930,Manual Review,train,data/train/cards/manual_review/CLM-00930.png
CLM-01018,Invalid Claim,train,data/train/cards/invalid_claim/CLM-01018.png
CLM-01174,Valid Claim,train,data/train/cards/valid_claim/CLM-01174.png
CLM-00464,Invalid Claim,train,data/train/cards/invalid_claim/CLM-00464.png
CLM-00179,Manual Review,train,data/train/cards/manual_review/CLM-00179.png
CLM-01009,Valid Claim,train,data/train/cards/valid_claim/CLM-01009.png
CLM-00118,Valid Claim,train,data/train/cards/valid_claim/CLM-00118.png
CLM-00540,Manual Review,train,data/train/cards/manual_review/CLM-00540.png
CLM-00127,Invalid Claim,train,data/train/cards/invalid_claim/CLM-00127.png
CLM-00215,Valid Claim,train,data/train/cards/valid_claim/CLM-00215.png
CLM-01332,Invalid Claim,train,data/train/cards/invalid_claim/CLM-01332.png
CLM-00747,Manual Review,train,data/train/cards/manual_review/CLM-00747.png
CLM-01161,Manual Review,train,data/train/cards/manual_review/CLM-01161.png
CLM-01329,Invalid Claim,train,data/train/cards/invalid_claim/CLM-01329.png
CLM-01321,Invalid Claim,train,data/train/cards/invalid_claim/CLM-01321.png
CLM-00876,Manual Review,train,data/train/cards/manual_review/CLM-00876.png
CLM-01251,Manual Review,train,data/train/cards/manual_review/CLM-01251.png
CLM-00495,Invalid Claim,train,data/train/cards/invalid_claim/CLM-00495.png
CLM-00048,Manual Review,train,data/train/cards/manual_review/CLM-00048.png
CLM-00765,Invalid Claim,train,data/train/cards/invalid_claim/CLM-00765.png
CLM-00022,Manual Review,train,data/train/cards/manual_review/CLM-00022.png
CLM-00731,Invalid Claim,train,data/train/cards/invalid_claim/CLM-00731.png
CLM-01303,Invalid Claim,train,data/train/cards/invalid_claim/CLM-01303.png
CLM-01426,Valid Claim,train,data/train/cards/valid_claim/CLM-01426.png
CLM-00988,Valid Claim,train,data/train/cards/valid_claim/CLM-00988.png
CLM-00128,Valid Claim,train,data/train/cards/valid_claim/CLM-00128.png
CLM-00017,Manual Review,train,data/train/cards/manual_review/CLM-00017.png
CLM-00388,Valid Claim,train,data/train/cards/valid_claim/CLM-00388.png
CLM-00695,Valid Claim,train,data/train/cards/valid_claim/CLM-00695.png
CLM-00907,Valid Claim,train,data/train/cards/valid_claim/CLM-00907.png
CLM-00729,Valid Claim,train,data/train/cards/valid_claim/CLM-00729.png
CLM-00963,Manual Review,train,data/train/cards/manual_review/CLM-00963.png
CLM-01236,Manual Review,train,data/train/cards/manual_review/CLM-01236.png
CLM-01195,Invalid Claim,train,data/train/cards/invalid_claim/CLM-01195.png
CLM-01286,Manual Review,train,data/train/cards/manual_review/CLM-01286.png
CLM-00799,Invalid Claim,train,data/train/cards/invalid_claim/CLM-00799.png
CLM-00202,Valid Claim,train,data/train/cards/valid_claim/CLM-00202.png
CLM-00454,Manual Review,train,data/train/cards/manual_review/CLM-00454.png
CLM-01468,Valid Claim,train,data/train/cards/valid_claim/CLM-01468.png
CLM-00378,Manual Review,train,data/train/cards/manual_review/CLM-00378.png
CLM-01109,Invalid Claim,train,data/train/cards/invalid_claim/CLM-01109.png
CLM-01499,Manual Review,train,data/train/cards/manual_review/CLM-01499.png
CLM-01444,Invalid Claim,train,data/train/cards/invalid_claim/CLM-01444.png
CLM-00875,Valid Claim,train,data/train/cards/valid_claim/CLM-00875.png
CLM-01342,Manual Review,train,data/train/cards/manual_review/CLM-01342.png
CLM-00829,Valid Claim,train,data/train/cards/valid_claim/CLM-00829.png
CLM-00689,Valid Claim,train,data/train/cards/valid_claim/CLM-00689.png
CLM-01177,Invalid Claim,train,data/train/cards/invalid_claim/CLM-01177.png
CLM-01168,Manual Review,train,data/train/cards/manual_review/CLM-01168.png
CLM-00286,Invalid Claim,train,data/train/cards/invalid_claim/CLM-00286.png
CLM-00266,Invalid Claim,train,data/train/cards/invalid_claim/CLM-00266.png
CLM-00616,Valid Claim,train,data/train/cards/valid_claim/CLM-00616.png
CLM-00598,Invalid Claim,train,data/train/cards/invalid_claim/CLM-00598.png
CLM-01123,Invalid Claim,train,data/train/cards/invalid_claim/CLM-01123.png
CLM-01183,Manual Review,train,data/train/cards/manual_review/CLM-01183.png
CLM-00508,Valid Claim,train,data/train/cards/valid_claim/CLM-00508.png
CLM-00207,Valid Claim,train,data/train/cards/valid_claim/CLM-00207.png
CLM-00942,Invalid Claim,train,data/train/cards/invalid_claim/CLM-00942.png
CLM-00697,Valid Claim,train,data/train/cards/valid_claim/CLM-00697.png
CLM-00795,Manual Review,train,data/train/cards/manual_review/CLM-00795.png
CLM-01144,Invalid Claim,train,data/train/cards/invalid_claim/CLM-01144.png
CLM-00808,Manual Review,train,data/train/cards/manual_review/CLM-00808.png
CLM-01304,Valid Claim,train,data/train/cards/valid_claim/CLM-01304.png
CLM-00008,Manual Review,train,data/train/cards/manual_review/CLM-00008.png
CLM-00279,Invalid Claim,train,data/train/cards/invalid_claim/CLM-00279.png
CLM-00365,Invalid Claim,train,data/train/cards/invalid_claim/CLM-00365.png
CLM-00737,Valid Claim,train,data/train/cards/valid_claim/CLM-00737.png
CLM-00658,Valid Claim,train,data/train/cards/valid_claim/CLM-00658.png
CLM-00835,Valid Claim,train,data/train/cards/valid_claim/CLM-00835.png
CLM-00433,Manual Review,train,data/train/cards/manual_review/CLM-00433.png
CLM-00738,Valid Claim,train,data/train/cards/valid_claim/CLM-00738.png
CLM-00746,Manual Review,train,data/train/cards/manual_review/CLM-00746.png
CLM-01016,Valid Claim,train,data/train/cards/valid_claim/CLM-01016.png
CLM-00493,Valid Claim,train,data/train/cards/valid_claim/CLM-00493.png
CLM-01413,Manual Review,train,data/train/cards/manual_review/CLM-01413.png
CLM-00309,Invalid Claim,train,data/train/cards/invalid_claim/CLM-00309.png
CLM-01493,Invalid Claim,train,data/train/cards/invalid_claim/CLM-01493.png
CLM-01173,Valid Claim,train,data/train/cards/valid_claim/CLM-01173.png
CLM-01380,Valid Claim,train,data/train/cards/valid_claim/CLM-01380.png
CLM-00235,Valid Claim,train,data/train/cards/valid_claim/CLM-00235.png
CLM-01437,Manual Review,train,data/train/cards/manual_review/CLM-01437.png
CLM-00810,Valid Claim,train,data/train/cards/valid_claim/CLM-00810.png
CLM-00340,Manual Review,train,data/train/cards/manual_review/CLM-00340.png
CLM-01231,Manual Review,train,data/train/cards/manual_review/CLM-01231.png
CLM-00361,Invalid Claim,train,data/train/cards/invalid_claim/CLM-00361.png
CLM-00780,Invalid Claim,train,data/train/cards/invalid_claim/CLM-00780.png
CLM-00993,Invalid Claim,train,data/train/cards/invalid_claim/CLM-00993.png
CLM-01327,Manual Review,train,data/train/cards/manual_review/CLM-01327.png
CLM-00898,Invalid Claim,train,data/train/cards/invalid_claim/CLM-00898.png
CLM-00600,Invalid Claim,train,data/train/cards/invalid_claim/CLM-00600.png
CLM-01059,Valid Claim,train,data/train/cards/valid_claim/CLM-01059.png
CLM-00521,Valid Claim,train,data/train/cards/valid_claim/CLM-00521.png
CLM-00991,Invalid Claim,validation,data/validation/cards/invalid_claim/CLM-00991.png
CLM-00359,Manual Review,validation,data/validation/cards/manual_review/CLM-00359.png
CLM-00736,Valid Claim,validation,data/validation/cards/valid_claim/CLM-00736.png
CLM-01003,Valid Claim,validation,data/validation/cards/valid_claim/CLM-01003.png
CLM-01164,Manual Review,validation,data/validation/cards/manual_review/CLM-01164.png
CLM-00719,Valid Claim,validation,data/validation/cards/valid_claim/CLM-00719.png
CLM-01019,Invalid Claim,validation,data/validation/cards/invalid_claim/CLM-01019.png
CLM-00333,Manual Review,validation,data/validation/cards/manual_review/CLM-00333.png
CLM-01141,Invalid Claim,validation,data/validation/cards/invalid_claim/CLM-01141.png
CLM-00948,Manual Review,validation,data/validation/cards/manual_review/CLM-00948.png
CLM-00405,Invalid Claim,validation,data/validation/cards/invalid_claim/CLM-00405.png
CLM-01379,Manual Review,validation,data/validation/cards/manual_review/CLM-01379.png
CLM-00769,Manual Review,validation,data/validation/cards/manual_review/CLM-00769.png
CLM-01277,Valid Claim,validation,data/validation/cards/valid_claim/CLM-01277.png
CLM-00586,Invalid Claim,validation,data/validation/cards/invalid_claim/CLM-00586.png
CLM-00156,Valid Claim,validation,data/validation/cards/valid_claim/CLM-00156.png
CLM-00950,Manual Review,validation,data/validation/cards/manual_review/CLM-00950.png
CLM-01463,Valid Claim,validation,data/validation/cards/valid_claim/CLM-01463.png
CLM-00812,Invalid Claim,validation,data/validation/cards/invalid_claim/CLM-00812.png
CLM-00972,Manual Review,validation,data/validation/cards/manual_review/CLM-00972.png
CLM-00527,Manual Review,validation,data/validation/cards/manual_review/CLM-00527.png
CLM-00748,Manual Review,validation,data/validation/cards/manual_review/CLM-00748.png
CLM-00123,Invalid Claim,validation,data/validation/cards/invalid_claim/CLM-00123.png
CLM-00193,Manual Review,validation,data/validation/cards/manual_review/CLM-00193.png
CLM-00721,Manual Review,validation,data/validation/cards/manual_review/CLM-00721.png
CLM-00251,Valid Claim,validation,data/validation/cards/valid_claim/CLM-00251.png
CLM-01125,Valid Claim,validation,data/validation/cards/valid_claim/CLM-01125.png
CLM-00651,Manual Review,validation,data/validation/cards/manual_review/CLM-00651.png
CLM-01128,Valid Claim,validation,data/validation/cards/valid_claim/CLM-01128.png
CLM-01042,Invalid Claim,validation,data/validation/cards/invalid_claim/CLM-01042.png
CLM-00349,Manual Review,validation,data/validation/cards/manual_review/CLM-00349.png
CLM-00678,Manual Review,validation,data/validation/cards/manual_review/CLM-00678.png
CLM-00497,Valid Claim,validation,data/validation/cards/valid_claim/CLM-00497.png
CLM-00878,Valid Claim,validation,data/validation/cards/valid_claim/CLM-00878.png
CLM-01393,Manual Review,validation,data/validation/cards/manual_review/CLM-01393.png
CLM-00490,Valid Claim,validation,data/validation/cards/valid_claim/CLM-00490.png
CLM-01153,Invalid Claim,validation,data/validation/cards/invalid_claim/CLM-01153.png
CLM-00392,Manual Review,validation,data/validation/cards/manual_review/CLM-00392.png
CLM-00141,Invalid Claim,validation,data/validation/cards/invalid_claim/CLM-00141.png
CLM-00217,Invalid Claim,validation,data/validation/cards/invalid_claim/CLM-00217.png
CLM-00518,Valid Claim,validation,data/validation/cards/valid_claim/CLM-00518.png
CLM-00722,Manual Review,validation,data/validation/cards/manual_review/CLM-00722.png
CLM-00913,Manual Review,validation,data/validation/cards/manual_review/CLM-00913.png
CLM-00786,Valid Claim,validation,data/validation/cards/valid_claim/CLM-00786.png
CLM-01213,Invalid Claim,validation,data/validation/cards/invalid_claim/CLM-01213.png
CLM-00654,Valid Claim,validation,data/validation/cards/valid_claim/CLM-00654.png
CLM-00711,Manual Review,validation,data/validation/cards/manual_review/CLM-00711.png
CLM-01372,Invalid Claim,validation,data/validation/cards/invalid_claim/CLM-01372.png
CLM-01056,Invalid Claim,validation,data/validation/cards/invalid_claim/CLM-01056.png
CLM-00313,Invalid Claim,validation,data/validation/cards/invalid_claim/CLM-00313.png
CLM-00213,Valid Claim,validation,data/validation/cards/valid_claim/CLM-00213.png
CLM-00631,Invalid Claim,validation,data/validation/cards/invalid_claim/CLM-00631.png
CLM-00592,Invalid Claim,validation,data/validation/cards/invalid_claim/CLM-00592.png
CLM-00502,Manual Review,validation,data/validation/cards/manual_review/CLM-00502.png
CLM-00766,Valid Claim,validation,data/validation/cards/valid_claim/CLM-00766.png
CLM-00074,Manual Review,validation,data/validation/cards/manual_review/CLM-00074.png
CLM-00335,Invalid Claim,validation,data/validation/cards/invalid_claim/CLM-00335.png
CLM-01264,Invalid Claim,validation,data/validation/cards/invalid_claim/CLM-01264.png
CLM-00297,Manual Review,validation,data/validation/cards/manual_review/CLM-00297.png
CLM-00305,Manual Review,validation,data/validation/cards/manual_review/CLM-00305.png
CLM-00164,Valid Claim,validation,data/validation/cards/valid_claim/CLM-00164.png
CLM-00717,Valid Claim,validation,data/validation/cards/valid_claim/CLM-00717.png
CLM-01208,Invalid Claim,validation,data/validation/cards/invalid_claim/CLM-01208.png
CLM-00815,Valid Claim,validation,data/validation/cards/valid_claim/CLM-00815.png
CLM-00312,Invalid Claim,validation,data/validation/cards/invalid_claim/CLM-00312.png
CLM-00367,Valid Claim,validation,data/validation/cards/valid_claim/CLM-00367.png
CLM-01012,Invalid Claim,validation,data/validation/cards/invalid_claim/CLM-01012.png
CLM-01472,Manual Review,validation,data/validation/cards/manual_review/CLM-01472.png
CLM-01199,Valid Claim,validation,data/validation/cards/valid_claim/CLM-01199.png
CLM-00668,Valid Claim,validation,data/validation/cards/valid_claim/CLM-00668.png
CLM-00329,Manual Review,validation,data/validation/cards/manual_review/CLM-00329.png
CLM-00847,Manual Review,validation,data/validation/cards/manual_review/CLM-00847.png
CLM-01461,Invalid Claim,validation,data/validation/cards/invalid_claim/CLM-01461.png
CLM-01488,Valid Claim,validation,data/validation/cards/valid_claim/CLM-01488.png
CLM-00210,Valid Claim,validation,data/validation/cards/valid_claim/CLM-00210.png
CLM-00687,Manual Review,validation,data/validation/cards/manual_review/CLM-00687.png
CLM-00782,Manual Review,validation,data/validation/cards/manual_review/CLM-00782.png
CLM-01181,Valid Claim,validation,data/validation/cards/valid_claim/CLM-01181.png
CLM-01317,Invalid Claim,validation,data/validation/cards/invalid_claim/CLM-01317.png
CLM-00398,Invalid Claim,validation,data/validation/cards/invalid_claim/CLM-00398.png
CLM-01033,Valid Claim,validation,data/validation/cards/valid_claim/CLM-01033.png
CLM-01423,Invalid Claim,validation,data/validation/cards/invalid_claim/CLM-01423.png
CLM-00659,Valid Claim,validation,data/validation/cards/valid_claim/CLM-00659.png
CLM-00441,Invalid Claim,validation,data/validation/cards/invalid_claim/CLM-00441.png
CLM-01150,Manual Review,validation,data/validation/cards/manual_review/CLM-01150.png
CLM-00328,Invalid Claim,validation,data/validation/cards/invalid_claim/CLM-00328.png
CLM-01377,Invalid Claim,validation,data/validation/cards/invalid_claim/CLM-01377.png
CLM-00201,Valid Claim,validation,data/validation/cards/valid_claim/CLM-00201.png
CLM-01297,Manual Review,validation,data/validation/cards/manual_review/CLM-01297.png
CLM-00543,Invalid Claim,validation,data/validation/cards/invalid_claim/CLM-00543.png
CLM-00574,Invalid Claim,validation,data/validation/cards/invalid_claim/CLM-00574.png
CLM-01087,Valid Claim,validation,data/validation/cards/valid_claim/CLM-01087.png
CLM-00686,Invalid Claim,validation,data/validation/cards/invalid_claim/CLM-00686.png
CLM-00702,Manual Review,validation,data/validation/cards/manual_review/CLM-00702.png
CLM-00764,Valid Claim,validation,data/validation/cards/valid_claim/CLM-00764.png
CLM-00657,Manual Review,validation,data/validation/cards/manual_review/CLM-00657.png
CLM-01407,Valid Claim,validation,data/validation/cards/valid_claim/CLM-01407.png
CLM-00856,Invalid Claim,validation,data/validation/cards/invalid_claim/CLM-00856.png
CLM-01253,Manual Review,validation,data/validation/cards/manual_review/CLM-01253.png
CLM-01074,Manual Review,validation,data/validation/cards/manual_review/CLM-01074.png
CLM-00377,Manual Review,validation,data/validation/cards/manual_review/CLM-00377.png
CLM-00587,Manual Review,validation,data/validation/cards/manual_review/CLM-00587.png
CLM-00450,Valid Claim,validation,data/validation/cards/valid_claim/CLM-00450.png
CLM-00227,Manual Review,validation,data/validation/cards/manual_review/CLM-00227.png
CLM-01326,Invalid Claim,validation,data/validation/cards/invalid_claim/CLM-01326.png
CLM-01077,Manual Review,validation,data/validation/cards/manual_review/CLM-01077.png
CLM-00990,Valid Claim,validation,data/validation/cards/valid_claim/CLM-00990.png
CLM-00756,Invalid Claim,validation,data/validation/cards/invalid_claim/CLM-00756.png
CLM-01498,Invalid Claim,validation,data/validation/cards/invalid_claim/CLM-01498.png
CLM-00174,Valid Claim,validation,data/validation/cards/valid_claim/CLM-00174.png
CLM-00077,Valid Claim,validation,data/validation/cards/valid_claim/CLM-00077.png
CLM-00828,Valid Claim,validation,data/validation/cards/valid_claim/CLM-00828.png
CLM-00893,Invalid Claim,validation,data/validation/cards/invalid_claim/CLM-00893.png
CLM-00468,Invalid Claim,validation,data/validation/cards/invalid_claim/CLM-00468.png
CLM-00244,Manual Review,validation,data/validation/cards/manual_review/CLM-00244.png
CLM-00806,Invalid Claim,validation,data/validation/cards/invalid_claim/CLM-00806.png
CLM-00868,Valid Claim,validation,data/validation/cards/valid_claim/CLM-00868.png
CLM-00092,Invalid Claim,validation,data/validation/cards/invalid_claim/CLM-00092.png
CLM-01225,Manual Review,validation,data/validation/cards/manual_review/CLM-01225.png
CLM-00997,Valid Claim,validation,data/validation/cards/valid_claim/CLM-00997.png
CLM-00825,Manual Review,validation,data/validation/cards/manual_review/CLM-00825.png
CLM-01445,Valid Claim,validation,data/validation/cards/valid_claim/CLM-01445.png
CLM-01071,Invalid Claim,validation,data/validation/cards/invalid_claim/CLM-01071.png
CLM-00693,Invalid Claim,validation,data/validation/cards/invalid_claim/CLM-00693.png
CLM-01492,Valid Claim,validation,data/validation/cards/valid_claim/CLM-01492.png
CLM-01374,Valid Claim,validation,data/validation/cards/valid_claim/CLM-01374.png
CLM-01220,Manual Review,validation,data/validation/cards/manual_review/CLM-01220.png
CLM-00632,Manual Review,validation,data/validation/cards/manual_review/CLM-00632.png
CLM-00535,Invalid Claim,validation,data/validation/cards/invalid_claim/CLM-00535.png
CLM-00354,Manual Review,validation,data/validation/cards/manual_review/CLM-00354.png
CLM-01408,Invalid Claim,validation,data/validation/cards/invalid_claim/CLM-01408.png
CLM-01030,Valid Claim,validation,data/validation/cards/valid_claim/CLM-01030.png
CLM-01337,Invalid Claim,validation,data/validation/cards/invalid_claim/CLM-01337.png
CLM-00789,Valid Claim,validation,data/validation/cards/valid_claim/CLM-00789.png
CLM-01390,Valid Claim,validation,data/validation/cards/valid_claim/CLM-01390.png
CLM-00001,Valid Claim,validation,data/validation/cards/valid_claim/CLM-00001.png
CLM-00664,Valid Claim,validation,data/validation/cards/valid_claim/CLM-00664.png
CLM-01099,Invalid Claim,validation,data/validation/cards/invalid_claim/CLM-01099.png
CLM-01034,Manual Review,validation,data/validation/cards/manual_review/CLM-01034.png
CLM-00272,Valid Claim,validation,data/validation/cards/valid_claim/CLM-00272.png
CLM-00880,Manual Review,validation,data/validation/cards/manual_review/CLM-00880.png
CLM-00926,Manual Review,validation,data/validation/cards/manual_review/CLM-00926.png
CLM-01360,Manual Review,validation,data/validation/cards/manual_review/CLM-01360.png
CLM-01265,Manual Review,validation,data/validation/cards/manual_review/CLM-01265.png
CLM-01093,Valid Claim,validation,data/validation/cards/valid_claim/CLM-01093.png
CLM-00670,Valid Claim,validation,data/validation/cards/valid_claim/CLM-00670.png
CLM-00026,Valid Claim,validation,data/validation/cards/valid_claim/CLM-00026.png
CLM-00278,Manual Review,validation,data/validation/cards/manual_review/CLM-00278.png
CLM-01375,Manual Review,validation,data/validation/cards/manual_review/CLM-01375.png
CLM-00212,Invalid Claim,validation,data/validation/cards/invalid_claim/CLM-00212.png
CLM-00360,Valid Claim,validation,data/validation/cards/valid_claim/CLM-00360.png
CLM-00158,Invalid Claim,validation,data/validation/cards/invalid_claim/CLM-00158.png
CLM-00912,Manual Review,validation,data/validation/cards/manual_review/CLM-00912.png
CLM-01361,Invalid Claim,validation,data/validation/cards/invalid_claim/CLM-01361.png
CLM-00385,Valid Claim,validation,data/validation/cards/valid_claim/CLM-00385.png
CLM-00408,Invalid Claim,validation,data/validation/cards/invalid_claim/CLM-00408.png
CLM-00933,Invalid Claim,validation,data/validation/cards/invalid_claim/CLM-00933.png
CLM-01178,Invalid Claim,validation,data/validation/cards/invalid_claim/CLM-01178.png
CLM-00383,Manual Review,validation,data/validation/cards/manual_review/CLM-00383.png
CLM-00167,Manual Review,validation,data/validation/cards/manual_review/CLM-00167.png
CLM-00484,Invalid Claim,validation,data/validation/cards/invalid_claim/CLM-00484.png
CLM-00979,Valid Claim,validation,data/validation/cards/valid_claim/CLM-00979.png
CLM-00779,Manual Review,validation,data/validation/cards/manual_review/CLM-00779.png
CLM-01117,Manual Review,validation,data/validation/cards/manual_review/CLM-01117.png
CLM-01212,Valid Claim,validation,data/validation/cards/valid_claim/CLM-01212.png
CLM-00114,Manual Review,validation,data/validation/cards/manual_review/CLM-00114.png
CLM-00070,Invalid Claim,validation,data/validation/cards/invalid_claim/CLM-00070.png
CLM-00802,Manual Review,validation,data/validation/cards/manual_review/CLM-00802.png
CLM-00144,Valid Claim,validation,data/validation/cards/valid_claim/CLM-00144.png
CLM-00749,Valid Claim,validation,data/validation/cards/valid_claim/CLM-00749.png
CLM-01001,Manual Review,validation,data/validation/cards/manual_review/CLM-01001.png
CLM-00680,Manual Review,validation,data/validation/cards/manual_review/CLM-00680.png
CLM-00773,Invalid Claim,validation,data/validation/cards/invalid_claim/CLM-00773.png
CLM-00045,Valid Claim,validation,data/validation/cards/valid_claim/CLM-00045.png
CLM-01089,Invalid Claim,validation,data/validation/cards/invalid_claim/CLM-01089.png
CLM-00264,Invalid Claim,validation,data/validation/cards/invalid_claim/CLM-00264.png
CLM-01000,Manual Review,validation,data/validation/cards/manual_review/CLM-01000.png
CLM-00011,Manual Review,validation,data/validation/cards/manual_review/CLM-00011.png
CLM-01425,Valid Claim,validation,data/validation/cards/valid_claim/CLM-01425.png
CLM-01295,Invalid Claim,validation,data/validation/cards/invalid_claim/CLM-01295.png
CLM-00611,Manual Review,validation,data/validation/cards/manual_review/CLM-00611.png
CLM-01466,Invalid Claim,validation,data/validation/cards/invalid_claim/CLM-01466.png
CLM-00896,Invalid Claim,validation,data/validation/cards/invalid_claim/CLM-00896.png
CLM-00151,Manual Review,validation,data/validation/cards/manual_review/CLM-00151.png
CLM-00057,Valid Claim,validation,data/validation/cards/valid_claim/CLM-00057.png
CLM-01254,Manual Review,validation,data/validation/cards/manual_review/CLM-01254.png
CLM-00588,Valid Claim,validation,data/validation/cards/valid_claim/CLM-00588.png
CLM-01130,Invalid Claim,validation,data/validation/cards/invalid_claim/CLM-01130.png
CLM-01308,Invalid Claim,validation,data/validation/cards/invalid_claim/CLM-01308.png
CLM-00154,Valid Claim,validation,data/validation/cards/valid_claim/CLM-00154.png
CLM-01353,Valid Claim,validation,data/validation/cards/valid_claim/CLM-01353.png
CLM-00496,Manual Review,validation,data/validation/cards/manual_review/CLM-00496.png
CLM-00121,Invalid Claim,validation,data/validation/cards/invalid_claim/CLM-00121.png
CLM-00995,Invalid Claim,validation,data/validation/cards/invalid_claim/CLM-00995.png
CLM-01497,Valid Claim,validation,data/validation/cards/valid_claim/CLM-01497.png
CLM-00270,Manual Review,validation,data/validation/cards/manual_review/CLM-00270.png
CLM-00029,Manual Review,validation,data/validation/cards/manual_review/CLM-00029.png
CLM-00126,Valid Claim,validation,data/validation/cards/valid_claim/CLM-00126.png
CLM-01188,Manual Review,validation,data/validation/cards/manual_review/CLM-01188.png
CLM-00413,Invalid Claim,validation,data/validation/cards/invalid_claim/CLM-00413.png
CLM-01226,Manual Review,validation,data/validation/cards/manual_review/CLM-01226.png
CLM-00743,Invalid Claim,validation,data/validation/cards/invalid_claim/CLM-00743.png
CLM-01048,Valid Claim,validation,data/validation/cards/valid_claim/CLM-01048.png
CLM-00079,Valid Claim,validation,data/validation/cards/valid_claim/CLM-00079.png
CLM-01108,Valid Claim,validation,data/validation/cards/valid_claim/CLM-01108.png
CLM-00120,Valid Claim,validation,data/validation/cards/valid_claim/CLM-00120.png
CLM-00065,Manual Review,validation,data/validation/cards/manual_review/CLM-00065.png
CLM-01283,Valid Claim,validation,data/validation/cards/valid_claim/CLM-01283.png
CLM-00827,Manual Review,validation,data/validation/cards/manual_review/CLM-00827.png
CLM-00382,Manual Review,validation,data/validation/cards/manual_review/CLM-00382.png
CLM-00874,Invalid Claim,validation,data/validation/cards/invalid_claim/CLM-00874.png
CLM-00374,Invalid Claim,validation,data/validation/cards/invalid_claim/CLM-00374.png
CLM-00252,Invalid Claim,validation,data/validation/cards/invalid_claim/CLM-00252.png
CLM-00157,Valid Claim,validation,data/validation/cards/valid_claim/CLM-00157.png
CLM-00524,Invalid Claim,validation,data/validation/cards/invalid_claim/CLM-00524.png
CLM-00446,Manual Review,validation,data/validation/cards/manual_review/CLM-00446.png
CLM-00879,Valid Claim,validation,data/validation/cards/valid_claim/CLM-00879.png
CLM-01392,Invalid Claim,validation,data/validation/cards/invalid_claim/CLM-01392.png
CLM-00667,Invalid Claim,validation,data/validation/cards/invalid_claim/CLM-00667.png
CLM-00966,Invalid Claim,validation,data/validation/cards/invalid_claim/CLM-00966.png
CLM-00192,Valid Claim,validation,data/validation/cards/valid_claim/CLM-00192.png
CLM-01347,Valid Claim,validation,data/validation/cards/valid_claim/CLM-01347.png
CLM-01438,Valid Claim,validation,data/validation/cards/valid_claim/CLM-01438.png
CLM-00116,Invalid Claim,validation,data/validation/cards/invalid_claim/CLM-00116.png
CLM-01060,Invalid Claim,validation,data/validation/cards/invalid_claim/CLM-01060.png
CLM-00194,Manual Review,test,data/test/cards/manual_review/CLM-00194.png
CLM-00356,Invalid Claim,test,data/test/cards/invalid_claim/CLM-00356.png
CLM-00924,Invalid Claim,test,data/test/cards/invalid_claim/CLM-00924.png
CLM-00669,Manual Review,test,data/test/cards/manual_review/CLM-00669.png
CLM-01021,Valid Claim,test,data/test/cards/valid_claim/CLM-01021.png
CLM-00914,Valid Claim,test,data/test/cards/valid_claim/CLM-00914.png
CLM-01084,Invalid Claim,test,data/test/cards/invalid_claim/CLM-01084.png
CLM-00859,Invalid Claim,test,data/test/cards/invalid_claim/CLM-00859.png
CLM-00005,Manual Review,test,data/test/cards/manual_review/CLM-00005.png
CLM-00778,Valid Claim,test,data/test/cards/valid_claim/CLM-00778.png
CLM-01050,Valid Claim,test,data/test/cards/valid_claim/CLM-01050.png
CLM-00615,Manual Review,test,data/test/cards/manual_review/CLM-00615.png
CLM-01049,Invalid Claim,test,data/test/cards/invalid_claim/CLM-01049.png
CLM-01276,Invalid Claim,test,data/test/cards/invalid_claim/CLM-01276.png
CLM-00932,Manual Review,test,data/test/cards/manual_review/CLM-00932.png
CLM-00696,Valid Claim,test,data/test/cards/valid_claim/CLM-00696.png
CLM-01416,Invalid Claim,test,data/test/cards/invalid_claim/CLM-01416.png
CLM-00965,Valid Claim,test,data/test/cards/valid_claim/CLM-00965.png
CLM-00171,Invalid Claim,test,data/test/cards/invalid_claim/CLM-00171.png
CLM-00843,Invalid Claim,test,data/test/cards/invalid_claim/CLM-00843.png
CLM-00529,Invalid Claim,test,data/test/cards/invalid_claim/CLM-00529.png
CLM-00791,Valid Claim,test,data/test/cards/valid_claim/CLM-00791.png
CLM-01121,Invalid Claim,test,data/test/cards/invalid_claim/CLM-01121.png
CLM-00336,Valid Claim,test,data/test/cards/valid_claim/CLM-00336.png
CLM-00643,Manual Review,test,data/test/cards/manual_review/CLM-00643.png
CLM-01219,Manual Review,test,data/test/cards/manual_review/CLM-01219.png
CLM-00531,Invalid Claim,test,data/test/cards/invalid_claim/CLM-00531.png
CLM-00581,Manual Review,test,data/test/cards/manual_review/CLM-00581.png
CLM-00320,Invalid Claim,test,data/test/cards/invalid_claim/CLM-00320.png
CLM-01270,Manual Review,test,data/test/cards/manual_review/CLM-01270.png
CLM-00614,Invalid Claim,test,data/test/cards/invalid_claim/CLM-00614.png
CLM-00941,Invalid Claim,test,data/test/cards/invalid_claim/CLM-00941.png
CLM-00332,Manual Review,test,data/test/cards/manual_review/CLM-00332.png
CLM-00423,Valid Claim,test,data/test/cards/valid_claim/CLM-00423.png
CLM-01391,Valid Claim,test,data/test/cards/valid_claim/CLM-01391.png
CLM-00708,Valid Claim,test,data/test/cards/valid_claim/CLM-00708.png
CLM-00554,Invalid Claim,test,data/test/cards/invalid_claim/CLM-00554.png
CLM-01028,Manual Review,test,data/test/cards/manual_review/CLM-01028.png
CLM-01362,Invalid Claim,test,data/test/cards/invalid_claim/CLM-01362.png
CLM-01131,Invalid Claim,test,data/test/cards/invalid_claim/CLM-01131.png
CLM-01485,Manual Review,test,data/test/cards/manual_review/CLM-01485.png
CLM-00046,Invalid Claim,test,data/test/cards/invalid_claim/CLM-00046.png
CLM-00974,Manual Review,test,data/test/cards/manual_review/CLM-00974.png
CLM-01442,Manual Review,test,data/test/cards/manual_review/CLM-01442.png
CLM-00947,Valid Claim,test,data/test/cards/valid_claim/CLM-00947.png
CLM-00920,Manual Review,test,data/test/cards/manual_review/CLM-00920.png
CLM-01148,Manual Review,test,data/test/cards/manual_review/CLM-01148.png
CLM-00807,Manual Review,test,data/test/cards/manual_review/CLM-00807.png
CLM-01025,Valid Claim,test,data/test/cards/valid_claim/CLM-01025.png
CLM-00051,Manual Review,test,data/test/cards/manual_review/CLM-00051.png
CLM-00147,Invalid Claim,test,data/test/cards/invalid_claim/CLM-00147.png
CLM-01040,Manual Review,test,data/test/cards/manual_review/CLM-01040.png
CLM-00304,Manual Review,test,data/test/cards/manual_review/CLM-00304.png
CLM-00511,Invalid Claim,test,data/test/cards/invalid_claim/CLM-00511.png
CLM-01412,Manual Review,test,data/test/cards/manual_review/CLM-01412.png
CLM-00624,Manual Review,test,data/test/cards/manual_review/CLM-00624.png
CLM-01124,Manual Review,test,data/test/cards/manual_review/CLM-01124.png
CLM-01318,Invalid Claim,test,data/test/cards/invalid_claim/CLM-01318.png
CLM-00032,Valid Claim,test,data/test/cards/valid_claim/CLM-00032.png
CLM-00403,Invalid Claim,test,data/test/cards/invalid_claim/CLM-00403.png
CLM-01405,Manual Review,test,data/test/cards/manual_review/CLM-01405.png
CLM-00656,Valid Claim,test,data/test/cards/valid_claim/CLM-00656.png
CLM-00214,Invalid Claim,test,data/test/cards/invalid_claim/CLM-00214.png
CLM-01070,Valid Claim,test,data/test/cards/valid_claim/CLM-01070.png
CLM-00904,Manual Review,test,data/test/cards/manual_review/CLM-00904.png
CLM-01433,Manual Review,test,data/test/cards/manual_review/CLM-01433.png
CLM-00371,Invalid Claim,test,data/test/cards/invalid_claim/CLM-00371.png
CLM-00996,Manual Review,test,data/test/cards/manual_review/CLM-00996.png
CLM-00476,Manual Review,test,data/test/cards/manual_review/CLM-00476.png
CLM-00902,Invalid Claim,test,data/test/cards/invalid_claim/CLM-00902.png
CLM-00239,Valid Claim,test,data/test/cards/valid_claim/CLM-00239.png
CLM-00067,Valid Claim,test,data/test/cards/valid_claim/CLM-00067.png
CLM-00347,Manual Review,test,data/test/cards/manual_review/CLM-00347.png
CLM-00478,Valid Claim,test,data/test/cards/valid_claim/CLM-00478.png
CLM-01193,Valid Claim,test,data/test/cards/valid_claim/CLM-01193.png
CLM-00999,Invalid Claim,test,data/test/cards/invalid_claim/CLM-00999.png
CLM-00237,Invalid Claim,test,data/test/cards/invalid_claim/CLM-00237.png
CLM-01427,Valid Claim,test,data/test/cards/valid_claim/CLM-01427.png
CLM-01088,Invalid Claim,test,data/test/cards/invalid_claim/CLM-01088.png
CLM-01076,Manual Review,test,data/test/cards/manual_review/CLM-01076.png
CLM-01290,Valid Claim,test,data/test/cards/valid_claim/CLM-01290.png
CLM-01057,Valid Claim,test,data/test/cards/valid_claim/CLM-01057.png
CLM-00219,Valid Claim,test,data/test/cards/valid_claim/CLM-00219.png
CLM-00650,Invalid Claim,test,data/test/cards/invalid_claim/CLM-00650.png
CLM-00928,Valid Claim,test,data/test/cards/valid_claim/CLM-00928.png
CLM-00501,Invalid Claim,test,data/test/cards/invalid_claim/CLM-00501.png
CLM-00049,Invalid Claim,test,data/test/cards/invalid_claim/CLM-00049.png
CLM-00666,Manual Review,test,data/test/cards/manual_review/CLM-00666.png
CLM-01399,Valid Claim,test,data/test/cards/valid_claim/CLM-01399.png
CLM-01424,Invalid Claim,test,data/test/cards/invalid_claim/CLM-01424.png
CLM-00823,Manual Review,test,data/test/cards/manual_review/CLM-00823.png
CLM-00699,Valid Claim,test,data/test/cards/valid_claim/CLM-00699.png
CLM-00111,Manual Review,test,data/test/cards/manual_review/CLM-00111.png
CLM-01475,Manual Review,test,data/test/cards/manual_review/CLM-01475.png
CLM-00885,Invalid Claim,test,data/test/cards/invalid_claim/CLM-00885.png
CLM-00542,Manual Review,test,data/test/cards/manual_review/CLM-00542.png
CLM-01098,Valid Claim,test,data/test/cards/valid_claim/CLM-01098.png
CLM-01166,Invalid Claim,test,data/test/cards/invalid_claim/CLM-01166.png
CLM-00103,Valid Claim,test,data/test/cards/valid_claim/CLM-00103.png
CLM-00319,Invalid Claim,test,data/test/cards/invalid_claim/CLM-00319.png
CLM-01137,Invalid Claim,test,data/test/cards/invalid_claim/CLM-01137.png
CLM-00818,Manual Review,test,data/test/cards/manual_review/CLM-00818.png
CLM-01298,Valid Claim,test,data/test/cards/valid_claim/CLM-01298.png
CLM-00970,Manual Review,test,data/test/cards/manual_review/CLM-00970.png
CLM-00509,Valid Claim,test,data/test/cards/valid_claim/CLM-00509.png
CLM-00343,Valid Claim,test,data/test/cards/valid_claim/CLM-00343.png
CLM-00981,Manual Review,test,data/test/cards/manual_review/CLM-00981.png
CLM-00552,Invalid Claim,test,data/test/cards/invalid_claim/CLM-00552.png
CLM-00196,Valid Claim,test,data/test/cards/valid_claim/CLM-00196.png
CLM-01294,Manual Review,test,data/test/cards/manual_review/CLM-01294.png
CLM-00741,Valid Claim,test,data/test/cards/valid_claim/CLM-00741.png
CLM-00618,Manual Review,test,data/test/cards/manual_review/CLM-00618.png
CLM-00703,Valid Claim,test,data/test/cards/valid_claim/CLM-00703.png
CLM-01061,Manual Review,test,data/test/cards/manual_review/CLM-01061.png
CLM-00444,Invalid Claim,test,data/test/cards/invalid_claim/CLM-00444.png
CLM-01450,Invalid Claim,test,data/test/cards/invalid_claim/CLM-01450.png
CLM-00059,Manual Review,test,data/test/cards/manual_review/CLM-00059.png
CLM-01004,Manual Review,test,data/test/cards/manual_review/CLM-01004.png
CLM-00326,Invalid Claim,test,data/test/cards/invalid_claim/CLM-00326.png
CLM-00122,Valid Claim,test,data/test/cards/valid_claim/CLM-00122.png
CLM-01351,Valid Claim,test,data/test/cards/valid_claim/CLM-01351.png
CLM-00087,Valid Claim,test,data/test/cards/valid_claim/CLM-00087.png
CLM-01349,Valid Claim,test,data/test/cards/valid_claim/CLM-01349.png
CLM-00852,Manual Review,test,data/test/cards/manual_review/CLM-00852.png
CLM-00197,Invalid Claim,test,data/test/cards/invalid_claim/CLM-00197.png
CLM-01176,Valid Claim,test,data/test/cards/valid_claim/CLM-01176.png
CLM-00324,Invalid Claim,test,data/test/cards/invalid_claim/CLM-00324.png
CLM-01460,Valid Claim,test,data/test/cards/valid_claim/CLM-01460.png
CLM-00161,Invalid Claim,test,data/test/cards/invalid_claim/CLM-00161.png
CLM-00187,Valid Claim,test,data/test/cards/valid_claim/CLM-00187.png
CLM-00459,Manual Review,test,data/test/cards/manual_review/CLM-00459.png
CLM-01216,Invalid Claim,test,data/test/cards/invalid_claim/CLM-01216.png
CLM-01418,Valid Claim,test,data/test/cards/valid_claim/CLM-01418.png
CLM-00426,Valid Claim,test,data/test/cards/valid_claim/CLM-00426.png
CLM-00931,Valid Claim,test,data/test/cards/valid_claim/CLM-00931.png
CLM-00418,Valid Claim,test,data/test/cards/valid_claim/CLM-00418.png
CLM-00832,Valid Claim,test,data/test/cards/valid_claim/CLM-00832.png
CLM-01107,Manual Review,test,data/test/cards/manual_review/CLM-01107.png
CLM-00056,Invalid Claim,test,data/test/cards/invalid_claim/CLM-00056.png
CLM-00739,Valid Claim,test,data/test/cards/valid_claim/CLM-00739.png
CLM-01119,Manual Review,test,data/test/cards/manual_review/CLM-01119.png
CLM-00589,Manual Review,test,data/test/cards/manual_review/CLM-00589.png
CLM-01097,Invalid Claim,test,data/test/cards/invalid_claim/CLM-01097.png
CLM-00323,Manual Review,test,data/test/cards/manual_review/CLM-00323.png
CLM-00242,Valid Claim,test,data/test/cards/valid_claim/CLM-00242.png
CLM-01221,Invalid Claim,test,data/test/cards/invalid_claim/CLM-01221.png
CLM-00982,Manual Review,test,data/test/cards/manual_review/CLM-00982.png
CLM-00771,Manual Review,test,data/test/cards/manual_review/CLM-00771.png
CLM-00916,Valid Claim,test,data/test/cards/valid_claim/CLM-00916.png
CLM-00322,Manual Review,test,data/test/cards/manual_review/CLM-00322.png
CLM-00869,Valid Claim,test,data/test/cards/valid_claim/CLM-00869.png
CLM-00905,Valid Claim,test,data/test/cards/valid_claim/CLM-00905.png
CLM-00165,Valid Claim,test,data/test/cards/valid_claim/CLM-00165.png
CLM-01237,Manual Review,test,data/test/cards/manual_review/CLM-01237.png
CLM-01011,Valid Claim,test,data/test/cards/valid_claim/CLM-01011.png
CLM-00231,Manual Review,test,data/test/cards/manual_review/CLM-00231.png
CLM-01435,Invalid Claim,test,data/test/cards/invalid_claim/CLM-01435.png
CLM-00522,Valid Claim,test,data/test/cards/valid_claim/CLM-00522.png
CLM-00491,Manual Review,test,data/test/cards/manual_review/CLM-00491.png
CLM-01218,Invalid Claim,test,data/test/cards/invalid_claim/CLM-01218.png
CLM-00434,Valid Claim,test,data/test/cards/valid_claim/CLM-00434.png
CLM-01417,Valid Claim,test,data/test/cards/valid_claim/CLM-01417.png
CLM-00486,Manual Review,test,data/test/cards/manual_review/CLM-00486.png
CLM-00053,Invalid Claim,test,data/test/cards/invalid_claim/CLM-00053.png
CLM-00399,Manual Review,test,data/test/cards/manual_review/CLM-00399.png
CLM-00010,Invalid Claim,test,data/test/cards/invalid_claim/CLM-00010.png
CLM-00853,Manual Review,test,data/test/cards/manual_review/CLM-00853.png
CLM-00137,Invalid Claim,test,data/test/cards/invalid_claim/CLM-00137.png
CLM-00479,Manual Review,test,data/test/cards/manual_review/CLM-00479.png
CLM-01139,Valid Claim,test,data/test/cards/valid_claim/CLM-01139.png
CLM-00510,Valid Claim,test,data/test/cards/valid_claim/CLM-00510.png
CLM-00453,Manual Review,test,data/test/cards/manual_review/CLM-00453.png
CLM-00890,Manual Review,test,data/test/cards/manual_review/CLM-00890.png
CLM-00976,Valid Claim,test,data/test/cards/valid_claim/CLM-00976.png
CLM-00986,Invalid Claim,test,data/test/cards/invalid_claim/CLM-00986.png
CLM-00783,Manual Review,test,data/test/cards/manual_review/CLM-00783.png
CLM-01157,Invalid Claim,test,data/test/cards/invalid_claim/CLM-01157.png
CLM-00069,Invalid Claim,test,data/test/cards/invalid_claim/CLM-00069.png
CLM-00145,Invalid Claim,test,data/test/cards/invalid_claim/CLM-00145.png
CLM-00218,Manual Review,test,data/test/cards/manual_review/CLM-00218.png
CLM-00908,Invalid Claim,test,data/test/cards/invalid_claim/CLM-00908.png
CLM-01478,Manual Review,test,data/test/cards/manual_review/CLM-01478.png
CLM-00506,Manual Review,test,data/test/cards/manual_review/CLM-00506.png
CLM-00811,Invalid Claim,test,data/test/cards/invalid_claim/CLM-00811.png
CLM-01339,Invalid Claim,test,data/test/cards/invalid_claim/CLM-01339.png
CLM-00691,Invalid Claim,test,data/test/cards/invalid_claim/CLM-00691.png
CLM-01310,Valid Claim,test,data/test/cards/valid_claim/CLM-01310.png
CLM-01301,Valid Claim,test,data/test/cards/valid_claim/CLM-01301.png
CLM-00556,Valid Claim,test,data/test/cards/valid_claim/CLM-00556.png
CLM-00517,Manual Review,test,data/test/cards/manual_review/CLM-00517.png
CLM-00471,Valid Claim,test,data/test/cards/valid_claim/CLM-00471.png
CLM-00661,Valid Claim,test,data/test/cards/valid_claim/CLM-00661.png
CLM-00499,Invalid Claim,test,data/test/cards/invalid_claim/CLM-00499.png
CLM-00927,Invalid Claim,test,data/test/cards/invalid_claim/CLM-00927.png
CLM-00761,Invalid Claim,test,data/test/cards/invalid_claim/CLM-00761.png
CLM-00833,Invalid Claim,test,data/test/cards/invalid_claim/CLM-00833.png
CLM-00957,Invalid Claim,test,data/test/cards/invalid_claim/CLM-00957.png
CLM-00862,Valid Claim,test,data/test/cards/valid_claim/CLM-00862.png
CLM-01282,Valid Claim,test,data/test/cards/valid_claim/CLM-01282.png
CLM-00475,Manual Review,test,data/test/cards/manual_review/CLM-00475.png
CLM-01184,Valid Claim,test,data/test/cards/valid_claim/CLM-01184.png
CLM-00132,Invalid Claim,test,data/test/cards/invalid_claim/CLM-00132.png
CLM-00230,Invalid Claim,test,data/test/cards/invalid_claim/CLM-00230.png
CLM-00785,Valid Claim,test,data/test/cards/valid_claim/CLM-00785.png
CLM-00384,Valid Claim,test,data/test/cards/valid_claim/CLM-00384.png
CLM-00300,Invalid Claim,test,data/test/cards/invalid_claim/CLM-00300.png
CLM-00415,Invalid Claim,test,data/test/cards/invalid_claim/CLM-00415.png
CLM-00420,Invalid Claim,test,data/test/cards/invalid_claim/CLM-00420.png
CLM-00841,Manual Review,test,data/test/cards/manual_review/CLM-00841.png
CLM-00662,Manual Review,test,data/test/cards/manual_review/CLM-00662.png
CLM-01484,Invalid Claim,test,data/test/cards/invalid_claim/CLM-01484.png
CLM-00619,Invalid Claim,test,data/test/cards/invalid_claim/CLM-00619.png
CLM-01165,Valid Claim,test,data/test/cards/valid_claim/CLM-01165.png
CLM-00236,Manual Review,test,data/test/cards/manual_review/CLM-00236.png
CLM-01388,Manual Review,test,data/test/cards/manual_review/CLM-01388.png
CLM-01440,Manual Review,test,data/test/cards/manual_review/CLM-01440.png
CLM-00775,Manual Review,test,data/test/cards/manual_review/CLM-00775.png
CLM-00039,Valid Claim,test,data/test/cards/valid_claim/CLM-00039.png
CLM-00419,Valid Claim,test,data/test/cards/valid_claim/CLM-00419.png
CLM-00565,Manual Review,test,data/test/cards/manual_review/CLM-00565.png
CLM-01473,Manual Review,test,data/test/cards/manual_review/CLM-01473.png
CLM-01252,Invalid Claim,test,data/test/cards/invalid_claim/CLM-01252.png
CLM-00110,Valid Claim,test,data/test/cards/valid_claim/CLM-00110.png
CLM-00292,Invalid Claim,test,data/test/cards/invalid_claim/CLM-00292.png
CLM-01245,Valid Claim,test,data/test/cards/valid_claim/CLM-01245.png
